number,priority,category,assignment_group,breach_probability,flagged,actual,risk_band
INC0031099,2 - High,Category 53,Group 29,0.995,1,1,Critical
INC0030999,2 - High,Category 46,Group 22,0.992,1,1,Critical
INC0031046,2 - High,Category 19,Group 72,0.992,1,1,Critical
INC0032824,2 - High,Category 24,Group 72,0.992,1,1,Critical
INC0031735,2 - High,Category 42,Group 55,0.991,1,1,Critical
INC0031780,2 - High,Category 46,Other,0.991,1,1,Critical
INC0032183,2 - High,Category 53,Group 20,0.991,1,1,Critical
INC0033199,2 - High,Category 46,Group 57,0.99,1,1,Critical
INC0029379,2 - High,Category 57,Other,0.99,1,1,Critical
INC0032733,2 - High,Category 23,Group 20,0.989,1,1,Critical
INC0033594,2 - High,Category 19,Group 72,0.988,1,1,Critical
INC0030066,2 - High,Category 46,Group 22,0.988,1,1,Critical
INC0032648,2 - High,Category 61,Group 73,0.987,1,1,Critical
INC0033653,2 - High,Category 8,Other,0.987,1,1,Critical
INC0030802,2 - High,Category 53,Group 66,0.987,1,1,Critical
INC0034429,2 - High,Category 46,Group 57,0.987,1,1,Critical
INC0034423,2 - High,Category 46,Group 22,0.987,1,1,Critical
INC0034416,2 - High,Category 46,Group 22,0.987,1,1,Critical
INC0034128,2 - High,Category 43,Group 22,0.987,1,1,Critical
INC0033371,2 - High,Category 42,Group 55,0.985,1,1,Critical
INC0030083,2 - High,Category 57,Group 65,0.985,1,1,Critical
INC0031543,2 - High,Category 51,Group 54,0.985,1,1,Critical
INC0034375,2 - High,Category 46,Group 10,0.985,1,0,Critical
INC0031533,2 - High,Category 51,Group 54,0.985,1,1,Critical
INC0031944,2 - High,Category 46,Group 22,0.984,1,1,Critical
INC0031766,2 - High,Category 57,Group 65,0.983,1,1,Critical
INC0029061,2 - High,Category 57,Other,0.98,1,1,Critical
INC0031021,2 - High,Category 23,Group 20,0.979,1,1,Critical
INC0028339,2 - High,Category 19,Group 72,0.979,1,1,Critical
INC0033050,2 - High,Category 32,Group 70,0.976,1,1,Critical
INC0029503,2 - High,Category 57,Group 65,0.976,1,1,Critical
INC0031839,2 - High,Category 46,Group 57,0.974,1,1,Critical
INC0029442,2 - High,Category 57,Group 65,0.974,1,1,Critical
INC0029254,2 - High,Category 17,Group 69,0.974,1,1,Critical
INC0034394,3 - Moderate,Category 34,Group 9,0.972,1,1,Critical
INC0034334,2 - High,Category 61,Group 73,0.972,1,1,Critical
INC0029445,2 - High,Category 57,Other,0.967,1,1,Critical
INC0028719,2 - High,Category 46,Group 58,0.967,1,1,Critical
INC0029278,3 - Moderate,Category 34,Group 9,0.965,1,1,Critical
INC0029302,2 - High,Category 17,Group 69,0.965,1,1,Critical
INC0029377,2 - High,Category 17,Group 69,0.965,1,1,Critical
INC0033949,1 - Critical,Category 46,Group 66,0.963,1,1,Critical
INC0030553,2 - High,Category 42,Other,0.963,1,1,Critical
INC0033669,2 - High,Category 61,Group 73,0.962,1,1,Critical
INC0030982,3 - Moderate,Category 34,Group 9,0.961,1,1,Critical
INC0114952,2 - High,Category 42,Group 70,0.954,1,1,Critical
INC0032026,3 - Moderate,Category 46,Group 66,0.953,1,1,Critical
INC0034330,3 - Moderate,Category 34,Group 9,0.952,1,1,Critical
INC0032909,2 - High,Category 42,Group 70,0.952,1,1,Critical
INC0111993,3 - Moderate,Category 45,Group 10,0.949,1,1,Critical
INC0105740,3 - Moderate,Category 45,Group 10,0.944,1,1,Critical
INC0034034,2 - High,Category 40,Group 70,0.943,1,1,Critical
INC0028978,3 - Moderate,Category 34,Group 9,0.942,1,1,Critical
INC0029441,2 - High,Category 57,Group 65,0.939,1,1,Critical
INC0034301,3 - Moderate,Category 34,Group 9,0.939,1,1,Critical
INC0081152,3 - Moderate,Other,Group 9,0.937,1,1,Critical
INC0031698,2 - High,Category 28,Group 70,0.936,1,1,Critical
INC0030558,2 - High,Category 57,Group 70,0.935,1,1,Critical
INC0030984,3 - Moderate,Category 34,Group 9,0.934,1,1,Critical
INC0028485,3 - Moderate,Category 34,Group 9,0.933,1,1,Critical
INC0028786,3 - Moderate,Category 34,Group 9,0.932,1,1,Critical
INC0030017,3 - Moderate,Category 34,Group 9,0.931,1,1,Critical
INC0033910,3 - Moderate,Category 46,Group 66,0.93,1,1,Critical
INC0033915,3 - Moderate,Category 46,Group 66,0.929,1,1,Critical
INC0109599,2 - High,Other,Other,0.929,1,1,Critical
INC0030948,3 - Moderate,Category 9,Group 9,0.928,1,0,Critical
INC0034380,1 - Critical,Category 42,Group 55,0.927,1,1,Critical
INC0034003,1 - Critical,Category 46,Group 22,0.926,1,1,Critical
INC0032710,3 - Moderate,Category 24,Group 9,0.924,1,1,Critical
INC0030808,2 - High,Category 26,Group 70,0.924,1,0,Critical
INC0031695,2 - High,Category 24,Group 23,0.922,1,1,Critical
INC0034268,3 - Moderate,Category 34,Group 9,0.92,1,1,Critical
INC0033075,3 - Moderate,Category 34,Group 9,0.919,1,1,Critical
INC0030571,2 - High,Category 57,Group 70,0.918,1,1,Critical
INC0028521,2 - High,Category 19,Group 70,0.918,1,1,Critical
INC0032294,3 - Moderate,Category 34,Group 9,0.918,1,1,Critical
INC0028498,3 - Moderate,Category 34,Group 9,0.916,1,1,Critical
INC0033880,3 - Moderate,Category 46,Group 66,0.916,1,1,Critical
INC0032996,3 - Moderate,Category 46,Group 66,0.916,1,1,Critical
INC0028417,3 - Moderate,Category 24,Group 9,0.916,1,1,Critical
INC0033506,1 - Critical,Category 46,Other,0.913,1,0,Critical
INC0029560,1 - Critical,Category 46,Other,0.913,1,1,Critical
INC0074038,3 - Moderate,Other,Group 9,0.91,1,1,Critical
INC0028465,2 - High,Category 17,Group 69,0.91,1,1,Critical
INC0032022,3 - Moderate,Category 34,Group 9,0.909,1,1,Critical
INC0030588,1 - Critical,Category 53,Group 72,0.907,1,0,Critical
INC0029907,3 - Moderate,Category 34,Group 9,0.906,1,1,Critical
INC0030229,3 - Moderate,Category 34,Group 9,0.905,1,1,Critical
INC0030702,3 - Moderate,Category 46,Group 66,0.904,1,1,Critical
INC0121064,3 - Moderate,Category 42,Group 70,0.903,1,0,Critical
INC0030756,3 - Moderate,Category 34,Group 9,0.902,1,1,Critical
INC0031072,3 - Moderate,Category 46,Group 66,0.899,1,1,Critical
INC0034005,1 - Critical,Category 46,Group 22,0.897,1,1,Critical
INC0029216,3 - Moderate,Category 46,Group 66,0.896,1,1,Critical
INC0030175,1 - Critical,Category 19,Group 72,0.895,1,1,Critical
INC0104905,3 - Moderate,Category 45,Group 10,0.895,1,1,Critical
INC0106703,3 - Moderate,Category 45,Group 31,0.893,1,1,Critical
INC0118917,3 - Moderate,Category 42,Group 70,0.89,1,0,Critical
INC0118906,3 - Moderate,Category 42,Group 70,0.889,1,0,Critical
INC0029173,3 - Moderate,Category 34,Group 9,0.888,1,1,Critical
INC0033935,3 - Moderate,Category 34,Group 9,0.887,1,1,Critical
INC0030278,3 - Moderate,Category 46,Group 66,0.886,1,1,Critical
INC0030986,3 - Moderate,Category 9,Group 9,0.885,1,1,Critical
INC0034006,1 - Critical,Category 46,Group 22,0.882,1,1,Critical
INC0028392,3 - Moderate,Category 9,Group 9,0.88,1,1,Critical
INC0096840,3 - Moderate,Other,Group 9,0.879,1,1,Critical
INC0028323,3 - Moderate,Category 34,Group 9,0.877,1,1,Critical
INC0099948,3 - Moderate,Other,Group 9,0.877,1,1,Critical
INC0030569,1 - Critical,Category 57,Group 65,0.866,1,0,Critical
INC0030975,1 - Critical,Category 46,Group 6,0.861,1,1,Critical
INC0099860,3 - Moderate,Other,Group 9,0.857,1,1,Critical
INC0033327,3 - Moderate,Category 9,Group 9,0.853,1,1,Critical
INC0031474,3 - Moderate,Category 46,Group 66,0.853,1,1,Critical
INC0120835,3 - Moderate,Category 42,Group 70,0.848,1,0,Critical
INC0032858,3 - Moderate,Category 53,Group 76,0.846,1,1,Critical
INC0029822,1 - Critical,Category 23,Group 20,0.838,1,1,Critical
INC0033770,3 - Moderate,Category 34,Group 9,0.837,1,1,Critical
INC0101020,3 - Moderate,Other,Group 9,0.836,1,1,Critical
INC0028431,3 - Moderate,Category 9,Group 9,0.835,1,1,Critical
INC0030777,3 - Moderate,Category 46,Group 66,0.829,1,1,Critical
INC0088271,3 - Moderate,Other,Group 9,0.829,1,1,Critical
INC0033311,3 - Moderate,Category 9,Group 9,0.829,1,1,Critical
INC0033017,1 - Critical,Category 57,Group 65,0.824,1,1,Critical
INC0029530,1 - Critical,Category 46,Group 57,0.822,1,0,Critical
INC0114260,3 - Moderate,Category 42,Group 55,0.821,1,0,Critical
INC0118591,3 - Moderate,Category 42,Group 70,0.82,1,0,Critical
INC0118791,3 - Moderate,Category 45,Group 31,0.82,1,0,Critical
INC0029828,3 - Moderate,Category 34,Group 9,0.819,1,0,Critical
INC0072288,3 - Moderate,Category 56,Group 76,0.819,1,0,Critical
INC0031344,1 - Critical,Category 46,Group 55,0.817,1,1,Critical
INC0030039,1 - Critical,Category 23,Group 20,0.816,1,1,Critical
INC0030678,3 - Moderate,Category 46,Group 66,0.815,1,1,Critical
INC0033045,1 - Critical,Category 23,Group 20,0.813,1,1,Critical
INC0030717,3 - Moderate,Category 46,Other,0.813,1,0,Critical
INC0030727,3 - Moderate,Category 46,Other,0.813,1,0,Critical
INC0028609,1 - Critical,Category 57,Group 65,0.806,1,1,Critical
INC0031518,3 - Moderate,Category 28,Group 9,0.801,1,1,Critical
INC0028488,3 - Moderate,Category 24,Group 9,0.8,1,1,Critical
INC0103919,3 - Moderate,Category 45,Group 31,0.8,1,0,Critical
INC0032821,1 - Critical,Category 51,Group 54,0.795,1,1,Critical
INC0115409,3 - Moderate,Category 42,Group 70,0.795,1,0,Critical
INC0034004,1 - Critical,Category 46,Group 22,0.785,1,1,Critical
INC0032116,3 - Moderate,Category 46,Group 66,0.784,1,0,Critical
INC0032092,3 - Moderate,Category 34,Group 9,0.781,1,1,Critical
INC0031368,1 - Critical,Category 42,Group 70,0.779,1,1,Critical
INC0031763,3 - Moderate,Category 46,Group 66,0.776,1,0,Critical
INC0031000,3 - Moderate,Category 46,Group 55,0.774,1,0,Critical
INC0105669,3 - Moderate,Other,Group 9,0.773,1,1,Critical
INC0029551,3 - Moderate,Category 34,Group 9,0.77,1,1,Critical
INC0030200,3 - Moderate,Category 34,Group 9,0.769,1,1,Critical
INC0028499,3 - Moderate,Category 53,Group 76,0.769,1,1,Critical
INC0105551,3 - Moderate,Other,Group 10,0.766,1,0,Critical
INC0030917,2 - High,Category 26,Group 70,0.765,1,1,Critical
INC0041652,3 - Moderate,Category 42,Group 55,0.764,1,0,Critical
INC0031594,1 - Critical,Category 46,Group 6,0.763,1,1,Critical
INC0032649,3 - Moderate,Category 24,Group 9,0.761,1,1,Critical
INC0028796,3 - Moderate,Category 46,Group 31,0.76,1,0,Critical
INC0113045,3 - Moderate,Other,Group 73,0.759,1,0,Critical
INC0104628,3 - Moderate,Other,Group 9,0.758,1,1,Critical
INC0031346,3 - Moderate,Category 46,Group 31,0.757,1,0,Critical
INC0028312,3 - Moderate,Category 24,Group 9,0.755,1,1,Critical
INC0033057,3 - Moderate,Category 24,Group 20,0.751,1,1,Critical
INC0032250,1 - Critical,Category 42,Group 70,0.751,1,0,Critical
INC0028817,3 - Moderate,Category 46,Group 31,0.751,1,1,Critical
INC0075438,3 - Moderate,Category 42,Group 55,0.749,1,1,High
INC0085035,3 - Moderate,Category 42,Other,0.748,1,0,High
INC0031120,3 - Moderate,Category 46,Group 31,0.743,1,0,High
INC0032674,2 - High,Category 26,Group 70,0.742,1,1,High
INC0030664,3 - Moderate,Category 46,Group 57,0.742,1,1,High
INC0032237,1 - Critical,Category 23,Group 20,0.741,1,1,High
INC0030645,3 - Moderate,Category 9,Group 29,0.74,1,1,High
INC0030812,3 - Moderate,Category 46,Other,0.739,1,1,High
INC0030036,1 - Critical,Category 42,Other,0.738,1,0,High
INC0034365,3 - Moderate,Category 28,Group 66,0.736,1,0,High
INC0030936,3 - Moderate,Category 24,Group 20,0.734,1,1,High
INC0033710,1 - Critical,Category 20,Group 70,0.733,1,1,High
INC0030987,1 - Critical,Category 42,Group 70,0.733,1,1,High
INC0114267,3 - Moderate,Other,Group 70,0.733,1,0,High
INC0034177,3 - Moderate,Category 46,Group 57,0.731,1,0,High
INC0031554,3 - Moderate,Category 46,Group 31,0.731,1,0,High
INC0068836,3 - Moderate,Category 45,Other,0.731,1,0,High
INC0033122,3 - Moderate,Category 53,Group 76,0.729,1,1,High
INC0030399,3 - Moderate,Category 61,Group 72,0.727,1,0,High
INC0030710,3 - Moderate,Category 53,Group 31,0.727,1,0,High
INC0115897,3 - Moderate,Other,Group 70,0.726,1,0,High
INC0079724,3 - Moderate,Category 45,Group 57,0.725,1,1,High
INC0106993,3 - Moderate,Category 42,Group 55,0.725,1,0,High
INC0114835,3 - Moderate,Category 42,Group 70,0.718,1,1,High
INC0028470,3 - Moderate,Category 46,Group 57,0.716,1,1,High
INC0028995,3 - Moderate,Category 46,Group 10,0.715,1,1,High
INC0029835,3 - Moderate,Category 46,Group 57,0.715,1,0,High
INC0031275,3 - Moderate,Category 22,Other,0.715,1,0,High
INC0030440,3 - Moderate,Category 19,Group 72,0.713,1,0,High
INC0030235,3 - Moderate,Category 46,Group 31,0.713,1,0,High
INC0107645,3 - Moderate,Other,Group 76,0.713,1,0,High
INC0028358,3 - Moderate,Category 46,Other,0.71,1,1,High
INC0028381,3 - Moderate,Category 46,Other,0.71,1,1,High
INC0029685,3 - Moderate,Category 44,Group 5,0.71,1,0,High
INC0028532,3 - Moderate,Category 9,Group 29,0.709,1,1,High
INC0030733,3 - Moderate,Category 46,Group 57,0.709,1,1,High
INC0118593,3 - Moderate,Category 42,Group 70,0.707,1,0,High
INC0033056,3 - Moderate,Category 24,Group 29,0.707,1,0,High
INC0030803,3 - Moderate,Category 46,Other,0.706,1,1,High
INC0053001,3 - Moderate,Other,Group 76,0.705,1,0,High
INC0031891,1 - Critical,Category 46,Group 22,0.705,1,0,High
INC0103506,3 - Moderate,Other,Group 9,0.704,1,1,High
INC0032927,3 - Moderate,Category 24,Group 9,0.703,1,1,High
INC0029559,3 - Moderate,Category 53,Group 66,0.703,1,1,High
INC0118999,3 - Moderate,Other,Other,0.699,1,0,High
INC0053383,3 - Moderate,Category 56,Group 65,0.696,1,1,High
INC0028484,3 - Moderate,Category 46,Group 57,0.696,1,1,High
INC0028773,3 - Moderate,Category 46,Group 10,0.696,1,0,High
INC0111152,3 - Moderate,Other,Group 70,0.693,1,0,High
INC0033052,3 - Moderate,Category 61,Group 72,0.69,1,1,High
INC0031003,3 - Moderate,Category 46,Group 57,0.689,1,1,High
INC0032696,3 - Moderate,Category 46,Group 10,0.687,1,0,High
INC0028833,3 - Moderate,Category 24,Group 28,0.685,1,1,High
INC0031114,3 - Moderate,Category 53,Other,0.685,1,1,High
INC0031141,3 - Moderate,Category 53,Other,0.685,1,1,High
INC0032458,3 - Moderate,Category 9,Group 29,0.684,1,1,High
INC0104559,3 - Moderate,Category 42,Group 70,0.683,1,1,High
INC0030016,1 - Critical,Category 46,Group 6,0.681,1,1,High
INC0029511,3 - Moderate,Category 61,Other,0.679,1,0,High
INC0029449,1 - Critical,Category 57,Other,0.679,1,1,High
INC0034219,3 - Moderate,Category 46,Other,0.679,1,0,High
INC0031688,3 - Moderate,Category 46,Group 31,0.676,1,1,High
INC0031259,3 - Moderate,Category 46,Group 22,0.675,1,0,High
INC0103762,3 - Moderate,Category 45,Group 66,0.674,1,1,High
INC0106584,3 - Moderate,Other,Group 9,0.674,1,1,High
INC0029723,3 - Moderate,Category 22,Other,0.673,1,1,High
INC0103305,3 - Moderate,Category 45,Group 22,0.669,1,1,High
INC0082574,3 - Moderate,Category 42,Other,0.668,1,0,High
INC0034142,1 - Critical,Category 20,Group 70,0.667,1,1,High
INC0028943,3 - Moderate,Category 53,Group 76,0.665,1,0,High
INC0029775,3 - Moderate,Category 34,Group 9,0.665,1,1,High
INC0029979,3 - Moderate,Category 53,Group 66,0.662,1,1,High
INC0069274,3 - Moderate,Category 45,Group 57,0.662,1,1,High
INC0034351,3 - Moderate,Category 9,Group 9,0.661,1,0,High
INC0034348,3 - Moderate,Category 9,Group 9,0.661,1,0,High
INC0034354,3 - Moderate,Category 9,Group 9,0.661,1,0,High
INC0034345,3 - Moderate,Category 9,Group 9,0.661,1,0,High
INC0031016,3 - Moderate,Category 38,Group 72,0.66,1,0,High
INC0030262,3 - Moderate,Category 46,Group 22,0.658,1,0,High
INC0032673,3 - Moderate,Category 9,Group 20,0.658,1,0,High
INC0028632,3 - Moderate,Category 53,Group 76,0.657,1,0,High
INC0031019,3 - Moderate,Category 38,Group 72,0.657,1,0,High
INC0030889,3 - Moderate,Category 53,Group 66,0.656,1,1,High
INC0031005,3 - Moderate,Category 46,Group 55,0.656,1,0,High
INC0032052,3 - Moderate,Category 42,Other,0.656,1,1,High
INC0032616,3 - Moderate,Category 53,Group 76,0.656,1,1,High
INC0029712,3 - Moderate,Category 46,Group 10,0.655,1,0,High
INC0118143,3 - Moderate,Other,Group 70,0.655,1,0,High
INC0033753,3 - Moderate,Category 46,Other,0.654,1,1,High
INC0033374,3 - Moderate,Category 43,Group 22,0.652,1,0,High
INC0030308,3 - Moderate,Category 24,Group 20,0.652,1,0,High
INC0028510,3 - Moderate,Category 46,Group 57,0.651,1,1,High
INC0030977,3 - Moderate,Category 46,Group 57,0.65,1,1,High
INC0034180,3 - Moderate,Category 53,Other,0.65,1,1,High
INC0029675,3 - Moderate,Category 61,Other,0.648,1,0,High
INC0034048,3 - Moderate,Category 61,Group 9,0.648,1,1,High
INC0029394,3 - Moderate,Category 24,Group 20,0.648,1,1,High
INC0028508,3 - Moderate,Category 9,Group 25,0.647,1,1,High
INC0031406,3 - Moderate,Category 53,Group 76,0.646,1,0,High
INC0028925,3 - Moderate,Category 53,Group 76,0.644,1,0,High
INC0028502,3 - Moderate,Category 22,Other,0.644,1,1,High
INC0030908,3 - Moderate,Category 53,Group 76,0.643,1,0,High
INC0034370,3 - Moderate,Category 9,Group 9,0.643,1,1,High
INC0032170,3 - Moderate,Category 19,Group 72,0.642,1,1,High
INC0030490,3 - Moderate,Category 46,Other,0.642,1,1,High
INC0034311,3 - Moderate,Category 9,Group 9,0.641,1,1,High
INC0033036,3 - Moderate,Category 53,Group 66,0.641,1,1,High
INC0029224,3 - Moderate,Category 22,Other,0.641,1,1,High
INC0033039,3 - Moderate,Category 53,Group 66,0.641,1,1,High
INC0032532,3 - Moderate,Category 46,Other,0.639,1,1,High
INC0033179,2 - High,Category 20,Group 70,0.638,1,1,High
INC0031066,3 - Moderate,Category 53,Group 66,0.637,1,0,High
INC0031749,1 - Critical,Category 42,Group 70,0.633,1,1,High
INC0031772,3 - Moderate,Category 19,Group 72,0.633,1,0,High
INC0030556,3 - Moderate,Category 46,Group 55,0.632,1,0,High
INC0030035,3 - Moderate,Category 46,Other,0.632,1,0,High
INC0028380,3 - Moderate,Category 46,Group 57,0.632,1,1,High
INC0028369,3 - Moderate,Category 46,Group 57,0.632,1,0,High
INC0034190,3 - Moderate,Category 46,Group 57,0.631,1,0,High
INC0034245,3 - Moderate,Category 34,Group 20,0.631,1,0,High
INC0034280,3 - Moderate,Category 53,Group 76,0.63,1,0,High
INC0029260,3 - Moderate,Category 46,Group 22,0.629,1,0,High
INC0110373,3 - Moderate,Category 45,Group 70,0.628,1,1,High
INC0028774,3 - Moderate,Category 53,Group 76,0.627,1,1,High
INC0032849,3 - Moderate,Category 53,Group 76,0.626,1,1,High
INC0031280,3 - Moderate,Category 53,Group 76,0.626,1,0,High
INC0031507,3 - Moderate,Category 46,Group 10,0.625,1,0,High
INC0030676,3 - Moderate,Category 46,Group 10,0.625,1,1,High
INC0032224,3 - Moderate,Category 46,Other,0.624,1,1,High
INC0034368,3 - Moderate,Category 53,Group 76,0.624,1,1,High
INC0031965,3 - Moderate,Category 46,Group 31,0.623,1,0,High
INC0028430,3 - Moderate,Category 53,Group 66,0.623,1,0,High
INC0032681,3 - Moderate,Category 53,Group 76,0.622,1,1,High
INC0031951,3 - Moderate,Category 53,Group 66,0.621,1,1,High
INC0113812,3 - Moderate,Category 56,Other,0.62,1,1,High
INC0029575,3 - Moderate,Category 46,Other,0.62,1,0,High
INC0031337,3 - Moderate,Category 53,Group 66,0.62,1,0,High
INC0032443,3 - Moderate,Category 46,Other,0.619,1,1,High
INC0032066,3 - Moderate,Category 53,Group 66,0.619,1,1,High
INC0112927,3 - Moderate,Other,Group 70,0.617,1,1,High
INC0030389,3 - Moderate,Category 46,Group 10,0.617,1,0,High
INC0028407,3 - Moderate,Category 61,Other,0.617,1,1,High
INC0030807,3 - Moderate,Category 53,Group 66,0.616,1,1,High
INC0034173,3 - Moderate,Category 8,Other,0.616,1,0,High
INC0106953,3 - Moderate,Category 45,Group 70,0.616,1,1,High
INC0029529,3 - Moderate,Category 53,Group 76,0.615,1,1,High
INC0031179,3 - Moderate,Category 19,Group 72,0.615,1,1,High
INC0031249,3 - Moderate,Category 24,Group 29,0.613,1,1,High
INC0033870,3 - Moderate,Category 53,Group 66,0.611,1,0,High
INC0030821,3 - Moderate,Category 24,Group 20,0.61,1,0,High
INC0034074,3 - Moderate,Category 46,Other,0.61,1,1,High
INC0034321,3 - Moderate,Category 23,Group 20,0.61,1,0,High
INC0030922,3 - Moderate,Category 53,Group 76,0.609,1,0,High
INC0032139,3 - Moderate,Category 46,Group 31,0.609,1,1,High
INC0028639,3 - Moderate,Category 24,Group 20,0.609,1,0,High
INC0031673,3 - Moderate,Category 22,Other,0.608,1,0,High
INC0033905,3 - Moderate,Category 46,Other,0.607,1,0,High
INC0088623,3 - Moderate,Category 56,Group 65,0.607,1,0,High
INC0031577,3 - Moderate,Category 46,Other,0.606,1,0,High
INC0082685,3 - Moderate,Other,Group 76,0.605,1,1,High
INC0028792,3 - Moderate,Category 24,Group 28,0.604,1,1,High
INC0030950,3 - Moderate,Category 46,Group 22,0.603,1,0,High
INC0028592,3 - Moderate,Category 53,Group 76,0.603,1,1,High
INC0030256,3 - Moderate,Category 53,Group 66,0.603,1,1,High
INC0030861,3 - Moderate,Category 24,Group 28,0.603,1,0,High
INC0029956,3 - Moderate,Category 53,Group 76,0.602,1,0,High
INC0104232,3 - Moderate,Category 45,Group 57,0.602,1,1,High
INC0032493,3 - Moderate,Category 53,Group 76,0.601,1,1,High
INC0030380,3 - Moderate,Category 53,Group 76,0.601,1,0,High
INC0029375,3 - Moderate,Category 46,Group 31,0.6,1,1,High
INC0031146,3 - Moderate,Category 9,Group 20,0.599,1,0,High
INC0028955,3 - Moderate,Category 61,Other,0.599,1,0,High
INC0031607,3 - Moderate,Category 19,Group 58,0.598,1,0,High
INC0030032,3 - Moderate,Category 46,Other,0.598,1,0,High
INC0102712,3 - Moderate,Category 56,Group 65,0.598,1,1,High
INC0033032,3 - Moderate,Category 53,Group 20,0.598,1,1,High
INC0028877,3 - Moderate,Category 53,Group 66,0.598,1,1,High
INC0032658,3 - Moderate,Category 61,Group 72,0.597,1,1,High
INC0111740,3 - Moderate,Category 42,Group 70,0.596,1,0,High
INC0028830,3 - Moderate,Category 46,Group 57,0.595,1,1,High
INC0030838,3 - Moderate,Category 53,Group 76,0.595,1,0,High
INC0030004,3 - Moderate,Category 61,Other,0.594,1,1,High
INC0028469,2 - High,Category 26,Group 70,0.594,1,1,High
INC0032903,3 - Moderate,Category 46,Group 57,0.593,1,1,High
INC0033072,3 - Moderate,Category 46,Group 57,0.593,1,1,High
INC0033087,3 - Moderate,Category 61,Group 73,0.593,1,1,High
INC0032897,3 - Moderate,Category 53,Group 66,0.592,1,1,High
INC0031433,3 - Moderate,Category 19,Group 29,0.592,1,0,High
INC0032749,3 - Moderate,Category 28,Group 51,0.59,1,0,High
INC0031011,3 - Moderate,Category 46,Group 22,0.59,1,1,High
INC0029246,3 - Moderate,Category 24,Group 27,0.59,1,0,High
INC0031461,3 - Moderate,Category 24,Group 29,0.589,1,0,High
INC0033585,3 - Moderate,Category 53,Group 25,0.589,1,0,High
INC0034374,3 - Moderate,Category 61,Group 72,0.588,1,1,High
INC0030460,3 - Moderate,Category 57,Group 76,0.588,1,1,High
INC0030029,3 - Moderate,Category 53,Group 66,0.588,1,0,High
INC0031243,3 - Moderate,Category 46,Group 10,0.587,1,0,High
INC0033876,3 - Moderate,Category 53,Group 76,0.586,1,0,High
INC0113313,3 - Moderate,Other,Group 70,0.586,1,1,High
INC0029462,3 - Moderate,Category 46,Group 22,0.586,1,1,High
INC0118633,3 - Moderate,Category 45,Group 22,0.586,1,1,High
INC0028928,3 - Moderate,Category 46,Other,0.584,1,1,High
INC0032207,3 - Moderate,Category 53,Group 66,0.583,1,0,High
INC0034391,3 - Moderate,Category 24,Group 20,0.583,1,0,High
INC0031460,3 - Moderate,Category 24,Group 20,0.583,1,1,High
INC0029867,3 - Moderate,Category 46,Group 57,0.582,1,0,High
INC0028963,3 - Moderate,Category 53,Group 29,0.582,1,0,High
INC0033934,3 - Moderate,Category 53,Group 66,0.581,1,0,High
INC0030872,3 - Moderate,Category 46,Group 31,0.581,1,1,High
INC0084124,3 - Moderate,Category 45,Group 57,0.581,1,1,High
INC0044114,3 - Moderate,Other,Other,0.58,1,1,High
INC0033051,3 - Moderate,Category 53,Group 66,0.579,1,1,High
INC0062300,3 - Moderate,Category 45,Group 57,0.575,1,1,High
INC0029802,3 - Moderate,Other,Group 9,0.575,1,1,High
INC0031380,3 - Moderate,Category 46,Group 57,0.575,1,0,High
INC0034405,3 - Moderate,Category 46,Group 57,0.574,1,1,High
INC0034169,3 - Moderate,Category 44,Group 5,0.574,1,0,High
INC0106713,3 - Moderate,Category 44,Group 5,0.571,1,0,High
INC0032709,3 - Moderate,Category 24,Group 20,0.571,1,1,High
INC0060687,3 - Moderate,Other,Group 20,0.571,1,1,High
INC0033774,3 - Moderate,Category 34,Group 72,0.571,1,1,High
INC0032424,3 - Moderate,Category 46,Group 57,0.57,1,0,High
INC0083132,3 - Moderate,Category 45,Group 6,0.57,1,1,High
INC0076582,3 - Moderate,Category 45,Group 57,0.569,1,1,High
INC0032637,3 - Moderate,Category 19,Group 20,0.569,1,1,High
INC0028357,3 - Moderate,Category 61,Group 72,0.568,1,0,High
INC0034274,3 - Moderate,Category 46,Group 31,0.568,1,1,High
INC0031945,3 - Moderate,Category 53,Group 76,0.568,1,0,High
INC0032988,3 - Moderate,Category 61,Group 54,0.565,1,1,High
INC0031256,3 - Moderate,Category 19,Group 72,0.565,1,1,High
INC0032978,3 - Moderate,Category 61,Group 54,0.565,1,1,High
INC0030670,3 - Moderate,Category 51,Group 20,0.565,1,0,High
INC0032034,3 - Moderate,Category 46,Group 57,0.565,1,1,High
INC0032519,3 - Moderate,Category 53,Group 66,0.564,1,1,High
INC0031268,3 - Moderate,Category 9,Group 25,0.564,1,1,High
INC0094555,3 - Moderate,Other,Group 66,0.563,1,0,High
INC0029241,3 - Moderate,Category 53,Group 66,0.563,1,1,High
INC0031255,3 - Moderate,Category 53,Group 66,0.563,1,1,High
INC0032520,3 - Moderate,Category 43,Group 22,0.563,1,0,High
INC0068424,3 - Moderate,Category 45,Group 57,0.562,1,1,High
INC0033233,3 - Moderate,Category 46,Group 57,0.562,1,0,High
INC0098310,3 - Moderate,Other,Other,0.562,1,0,High
INC0031680,3 - Moderate,Category 53,Group 76,0.562,1,0,High
INC0034395,3 - Moderate,Category 46,Group 57,0.56,1,1,High
INC0028344,3 - Moderate,Category 61,Group 28,0.56,1,1,High
INC0109656,3 - Moderate,Other,Group 9,0.559,1,1,High
INC0031794,3 - Moderate,Category 46,Group 20,0.558,1,0,High
INC0028511,3 - Moderate,Category 46,Group 10,0.557,1,0,High
INC0030220,3 - Moderate,Category 24,Group 20,0.557,1,0,High
INC0030980,3 - Moderate,Category 19,Group 72,0.557,1,0,High
INC0033624,3 - Moderate,Category 46,Other,0.555,1,1,High
INC0030679,3 - Moderate,Category 44,Group 5,0.553,1,1,High
INC0104208,3 - Moderate,Category 45,Other,0.552,1,1,High
INC0028615,3 - Moderate,Category 46,Group 57,0.551,1,0,High
INC0034265,3 - Moderate,Category 9,Group 69,0.55,1,0,High
INC0029778,3 - Moderate,Category 46,Group 31,0.55,1,0,High
INC0034341,3 - Moderate,Category 46,Group 31,0.55,1,1,High
INC0033247,3 - Moderate,Category 46,Group 57,0.549,1,0,High
INC0031369,3 - Moderate,Category 9,Group 20,0.549,1,1,High
INC0032690,3 - Moderate,Category 46,Group 31,0.549,1,1,High
INC0033245,3 - Moderate,Category 46,Group 57,0.549,1,0,High
INC0033246,3 - Moderate,Category 46,Group 57,0.549,1,0,High
INC0106906,3 - Moderate,Category 45,Group 70,0.548,1,0,High
INC0028439,3 - Moderate,Category 24,Group 20,0.548,1,1,High
INC0032262,3 - Moderate,Category 53,Group 66,0.548,1,0,High
INC0116554,3 - Moderate,Category 45,Group 57,0.548,1,0,High
INC0032059,3 - Moderate,Category 46,Group 57,0.547,1,1,High
INC0028366,3 - Moderate,Category 23,Group 20,0.546,1,0,High
INC0031758,3 - Moderate,Category 9,Group 29,0.546,1,1,High
INC0028373,3 - Moderate,Category 24,Group 29,0.545,1,1,High
INC0031153,3 - Moderate,Category 53,Group 76,0.545,1,0,High
INC0028388,3 - Moderate,Category 19,Group 72,0.544,1,0,High
INC0028863,3 - Moderate,Category 51,Group 20,0.542,1,1,High
INC0028940,3 - Moderate,Category 23,Group 20,0.541,1,0,High
INC0028822,3 - Moderate,Category 9,Group 25,0.541,1,0,High
INC0113549,3 - Moderate,Category 45,Group 70,0.541,1,1,High
INC0033728,3 - Moderate,Category 46,Group 6,0.54,1,0,High
INC0030442,3 - Moderate,Category 9,Group 25,0.54,1,1,High
INC0032852,3 - Moderate,Category 46,Group 6,0.539,1,1,High
INC0033689,3 - Moderate,Category 61,Other,0.537,1,1,High
INC0034126,3 - Moderate,Category 53,Group 66,0.537,1,0,High
INC0030945,3 - Moderate,Category 9,Group 20,0.536,1,1,High
INC0030443,3 - Moderate,Category 53,Group 66,0.536,1,0,High
INC0034240,3 - Moderate,Category 46,Group 57,0.536,1,0,High
INC0106327,1 - Critical,Other,Group 70,0.535,1,1,High
INC0028865,3 - Moderate,Category 9,Group 28,0.535,1,0,High
INC0106051,3 - Moderate,Category 45,Group 22,0.534,1,0,High
INC0082634,3 - Moderate,Category 56,Group 33,0.534,1,1,High
INC0032267,3 - Moderate,Category 46,Group 10,0.534,1,1,High
INC0032435,3 - Moderate,Category 9,Group 29,0.533,1,0,High
INC0033011,3 - Moderate,Category 61,Other,0.532,1,0,High
INC0032040,3 - Moderate,Category 46,Group 57,0.532,1,0,High
INC0034387,3 - Moderate,Category 24,Group 28,0.532,1,0,High
INC0033040,3 - Moderate,Category 46,Group 55,0.531,1,1,High
INC0033037,3 - Moderate,Category 61,Group 72,0.53,1,0,High
INC0030345,3 - Moderate,Category 57,Group 76,0.53,1,1,High
INC0030374,3 - Moderate,Category 46,Group 57,0.53,1,1,High
INC0028844,3 - Moderate,Category 9,Group 25,0.528,1,1,High
INC0032627,3 - Moderate,Category 53,Group 66,0.528,1,0,High
INC0028463,3 - Moderate,Category 61,Group 73,0.528,1,1,High
INC0115205,3 - Moderate,Other,Group 70,0.528,1,0,High
INC0030657,3 - Moderate,Category 46,Group 57,0.527,1,0,High
INC0033958,3 - Moderate,Category 46,Group 10,0.527,1,0,High
INC0109381,3 - Moderate,Category 45,Group 70,0.527,1,1,High
INC0029735,3 - Moderate,Category 57,Group 76,0.526,1,0,High
INC0030692,3 - Moderate,Category 24,Group 20,0.526,1,1,High
INC0031310,3 - Moderate,Category 46,Group 10,0.525,1,0,High
INC0033097,3 - Moderate,Category 9,Group 20,0.524,1,1,High
INC0030946,3 - Moderate,Category 46,Group 10,0.524,1,1,High
INC0032288,3 - Moderate,Category 46,Group 57,0.524,1,1,High
INC0033334,3 - Moderate,Category 46,Group 57,0.523,1,0,High
INC0028612,3 - Moderate,Category 53,Group 66,0.522,1,1,High
INC0032991,3 - Moderate,Category 9,Group 20,0.522,1,0,High
INC0029780,3 - Moderate,Category 46,Group 31,0.522,1,0,High
INC0029779,3 - Moderate,Category 46,Group 31,0.522,1,0,High
INC0029771,3 - Moderate,Category 46,Group 31,0.522,1,0,High
INC0115279,3 - Moderate,Category 56,Group 70,0.521,1,0,High
INC0032611,3 - Moderate,Category 46,Group 57,0.52,1,0,High
INC0030343,3 - Moderate,Category 53,Group 29,0.52,1,1,High
INC0030773,3 - Moderate,Category 24,Group 28,0.52,1,1,High
INC0031218,3 - Moderate,Category 23,Group 20,0.52,1,0,High
INC0033235,3 - Moderate,Category 51,Group 20,0.519,1,1,High
INC0030508,3 - Moderate,Category 57,Group 65,0.519,1,0,High
INC0029348,3 - Moderate,Category 24,Group 20,0.519,1,0,High
INC0030204,3 - Moderate,Category 34,Group 29,0.519,1,1,High
INC0099711,3 - Moderate,Category 45,Group 57,0.518,1,1,High
INC0030792,3 - Moderate,Category 53,Group 76,0.517,1,0,High
INC0030805,3 - Moderate,Category 53,Group 76,0.517,1,0,High
INC0118608,3 - Moderate,Category 42,Group 70,0.517,1,0,High
INC0029332,3 - Moderate,Category 46,Group 57,0.517,1,1,High
INC0033301,3 - Moderate,Category 53,Group 76,0.517,1,0,High
INC0030545,3 - Moderate,Category 57,Group 65,0.516,1,0,High
INC0100994,3 - Moderate,Category 45,Group 57,0.516,1,0,High
INC0105320,3 - Moderate,Other,Group 70,0.516,1,0,High
INC0030964,3 - Moderate,Category 34,Group 27,0.515,1,0,High
INC0032198,3 - Moderate,Category 46,Group 57,0.515,1,1,High
INC0030538,3 - Moderate,Category 57,Group 65,0.515,1,0,High
INC0034147,3 - Moderate,Category 53,Group 66,0.515,1,1,High
INC0030820,3 - Moderate,Category 46,Group 10,0.515,1,1,High
INC0028772,3 - Moderate,Category 46,Group 22,0.514,1,1,High
INC0028421,3 - Moderate,Category 57,Group 65,0.514,1,0,High
INC0028402,3 - Moderate,Category 46,Group 10,0.514,1,0,High
INC0033785,3 - Moderate,Category 24,Group 20,0.513,1,0,High
INC0029837,3 - Moderate,Category 53,Group 66,0.513,1,0,High
INC0030548,3 - Moderate,Category 57,Group 65,0.512,1,0,High
INC0030381,3 - Moderate,Category 46,Group 31,0.512,1,0,High
INC0031032,2 - High,Category 19,Group 70,0.51,1,1,High
INC0029331,3 - Moderate,Category 46,Group 10,0.51,1,0,High
INC0118042,3 - Moderate,Category 45,Group 57,0.51,1,0,High
INC0030867,3 - Moderate,Category 46,Group 10,0.508,1,0,High
INC0030112,3 - Moderate,Category 9,Group 29,0.508,1,0,High
INC0031788,3 - Moderate,Category 24,Group 29,0.508,1,0,High
INC0104706,3 - Moderate,Category 45,Other,0.508,1,1,High
INC0029118,3 - Moderate,Category 53,Group 76,0.508,1,0,High
INC0032724,3 - Moderate,Category 46,Group 57,0.507,1,1,High
INC0031279,3 - Moderate,Category 23,Group 20,0.507,1,1,High
INC0030447,3 - Moderate,Category 53,Group 66,0.507,1,0,High
INC0092643,1 - Critical,Category 45,Other,0.505,1,1,High
INC0031769,3 - Moderate,Category 46,Group 33,0.505,1,0,High
INC0030369,3 - Moderate,Category 24,Group 20,0.505,1,1,High
INC0031756,3 - Moderate,Category 53,Group 76,0.505,1,1,High
INC0032247,3 - Moderate,Category 46,Group 10,0.505,1,0,High
INC0030354,3 - Moderate,Category 61,Other,0.504,1,0,High
INC0033917,3 - Moderate,Category 24,Group 25,0.504,1,0,High
INC0030882,3 - Moderate,Category 37,Group 72,0.504,1,0,High
INC0030412,3 - Moderate,Category 57,Group 65,0.503,1,0,High
INC0029811,3 - Moderate,Category 46,Group 31,0.502,1,0,High
INC0032672,3 - Moderate,Category 57,Group 65,0.502,1,1,High
INC0030775,3 - Moderate,Category 61,Other,0.502,1,1,High
INC0031167,3 - Moderate,Category 23,Group 20,0.502,1,1,High
INC0032279,3 - Moderate,Category 46,Group 57,0.501,1,1,High
INC0030735,3 - Moderate,Category 53,Group 20,0.501,1,1,High
INC0031002,3 - Moderate,Category 46,Group 22,0.501,1,0,High
INC0033649,3 - Moderate,Category 53,Group 29,0.501,1,0,High
INC0030537,3 - Moderate,Category 53,Group 66,0.5,1,0,High
INC0030267,3 - Moderate,Category 53,Group 76,0.5,1,0,Medium
INC0028384,3 - Moderate,Category 46,Group 10,0.5,1,1,Medium
INC0030274,3 - Moderate,Category 46,Group 57,0.499,1,0,Medium
INC0107346,3 - Moderate,Other,Group 70,0.499,1,0,Medium
INC0032163,3 - Moderate,Category 53,Group 66,0.499,1,1,Medium
INC0028528,3 - Moderate,Category 28,Group 20,0.499,1,1,Medium
INC0028512,3 - Moderate,Category 46,Group 5,0.499,1,1,Medium
INC0030481,3 - Moderate,Category 46,Group 31,0.499,1,1,Medium
INC0030413,3 - Moderate,Category 46,Group 10,0.498,1,1,Medium
INC0030968,3 - Moderate,Category 9,Group 25,0.497,1,0,Medium
INC0030776,3 - Moderate,Category 34,Group 20,0.497,1,0,Medium
INC0033244,3 - Moderate,Category 51,Group 20,0.496,1,0,Medium
INC0028633,3 - Moderate,Category 19,Group 72,0.496,1,0,Medium
INC0032258,3 - Moderate,Category 51,Group 54,0.495,1,0,Medium
INC0028712,3 - Moderate,Category 53,Group 66,0.495,1,1,Medium
INC0029926,3 - Moderate,Category 46,Group 57,0.495,1,0,Medium
INC0032431,3 - Moderate,Category 53,Group 76,0.494,1,1,Medium
INC0028884,3 - Moderate,Category 46,Group 22,0.493,1,1,Medium
INC0028684,3 - Moderate,Category 53,Group 20,0.493,1,1,Medium
INC0030947,3 - Moderate,Category 46,Group 22,0.492,1,0,Medium
INC0102762,3 - Moderate,Category 45,Group 57,0.492,1,1,Medium
INC0031399,3 - Moderate,Category 9,Group 29,0.492,1,1,Medium
INC0031401,3 - Moderate,Category 9,Group 29,0.492,1,1,Medium
INC0031400,3 - Moderate,Category 9,Group 29,0.492,1,1,Medium
INC0030550,3 - Moderate,Category 57,Group 65,0.491,1,0,Medium
INC0029608,3 - Moderate,Category 53,Group 20,0.491,1,0,Medium
INC0032307,3 - Moderate,Category 61,Group 72,0.49,1,0,Medium
INC0058950,3 - Moderate,Other,Other,0.49,1,1,Medium
INC0028378,3 - Moderate,Category 44,Group 5,0.49,1,1,Medium
INC0052316,3 - Moderate,Other,Group 76,0.49,1,0,Medium
INC0028353,3 - Moderate,Category 9,Group 20,0.489,1,1,Medium
INC0030270,3 - Moderate,Category 40,Group 29,0.489,1,1,Medium
INC0028446,3 - Moderate,Category 57,Other,0.489,1,1,Medium
INC0028478,3 - Moderate,Category 57,Other,0.489,1,1,Medium
INC0032610,3 - Moderate,Category 9,Group 29,0.487,1,1,Medium
INC0029978,3 - Moderate,Category 24,Group 10,0.487,1,0,Medium
INC0034332,3 - Moderate,Category 46,Group 57,0.487,1,1,Medium
INC0094996,3 - Moderate,Category 45,Group 57,0.487,1,0,Medium
INC0032047,3 - Moderate,Category 23,Group 20,0.487,1,0,Medium
INC0029737,3 - Moderate,Category 28,Group 72,0.486,1,0,Medium
INC0031018,3 - Moderate,Category 57,Group 65,0.486,1,0,Medium
INC0033600,3 - Moderate,Category 46,Group 57,0.486,1,0,Medium
INC0031199,3 - Moderate,Category 53,Group 20,0.485,1,0,Medium
INC0028540,3 - Moderate,Category 46,Other,0.485,1,0,Medium
INC0031670,3 - Moderate,Category 53,Group 66,0.485,1,0,Medium
INC0031194,3 - Moderate,Category 53,Group 20,0.485,1,0,Medium
INC0028395,3 - Moderate,Category 53,Group 76,0.484,1,1,Medium
INC0033617,3 - Moderate,Category 19,Group 76,0.484,1,0,Medium
INC0030324,3 - Moderate,Category 53,Group 76,0.484,1,0,Medium
INC0030320,3 - Moderate,Category 19,Group 29,0.484,1,0,Medium
INC0118690,3 - Moderate,Other,Group 70,0.484,1,0,Medium
INC0033140,3 - Moderate,Category 57,Group 65,0.484,1,0,Medium
INC0030315,3 - Moderate,Category 19,Group 29,0.484,1,0,Medium
INC0030311,3 - Moderate,Category 19,Group 29,0.484,1,0,Medium
INC0032804,3 - Moderate,Category 46,Group 31,0.483,1,1,Medium
INC0033441,3 - Moderate,Category 61,Other,0.483,1,1,Medium
INC0032636,3 - Moderate,Category 46,Group 10,0.483,1,1,Medium
INC0114313,3 - Moderate,Category 56,Group 70,0.482,1,0,Medium
INC0029715,3 - Moderate,Category 46,Group 31,0.482,1,1,Medium
INC0028375,3 - Moderate,Category 53,Group 31,0.482,1,1,Medium
INC0034214,3 - Moderate,Category 53,Group 20,0.481,1,0,Medium
INC0034067,3 - Moderate,Category 46,Group 57,0.481,1,0,Medium
INC0030013,3 - Moderate,Category 46,Group 57,0.481,1,0,Medium
INC0115743,3 - Moderate,Category 45,Group 57,0.481,1,1,Medium
INC0028812,3 - Moderate,Category 34,Group 69,0.481,1,1,Medium
INC0034418,3 - Moderate,Category 24,Group 20,0.481,1,0,Medium
INC0115739,3 - Moderate,Category 45,Group 57,0.481,1,1,Medium
INC0115729,3 - Moderate,Category 45,Group 57,0.481,1,0,Medium
INC0030923,3 - Moderate,Category 42,Group 55,0.481,1,0,Medium
INC0031238,3 - Moderate,Category 44,Group 5,0.48,1,1,Medium
INC0031342,3 - Moderate,Category 57,Group 65,0.48,1,0,Medium
INC0030757,3 - Moderate,Category 46,Other,0.479,1,1,Medium
INC0031804,3 - Moderate,Category 53,Group 76,0.479,1,0,Medium
INC0032970,3 - Moderate,Category 46,Group 10,0.478,1,0,Medium
INC0030816,3 - Moderate,Category 43,Other,0.478,1,0,Medium
INC0028333,3 - Moderate,Category 61,Other,0.478,1,0,Medium
INC0031356,3 - Moderate,Category 46,Group 10,0.478,1,1,Medium
INC0030446,3 - Moderate,Category 24,Group 25,0.478,1,0,Medium
INC0033042,3 - Moderate,Category 9,Group 28,0.478,1,1,Medium
INC0046429,3 - Moderate,Category 56,Group 65,0.478,1,0,Medium
INC0034039,3 - Moderate,Category 24,Group 25,0.477,1,0,Medium
INC0032400,3 - Moderate,Category 42,Group 55,0.477,1,0,Medium
INC0029387,3 - Moderate,Category 24,Group 10,0.477,1,0,Medium
INC0031868,3 - Moderate,Category 53,Group 76,0.477,1,0,Medium
INC0031513,3 - Moderate,Category 46,Group 57,0.475,1,1,Medium
INC0034316,3 - Moderate,Category 57,Group 29,0.474,1,0,Medium
INC0028809,3 - Moderate,Category 46,Group 55,0.474,1,0,Medium
INC0033154,3 - Moderate,Category 57,Group 51,0.474,1,1,Medium
INC0034018,3 - Moderate,Category 57,Group 65,0.474,1,0,Medium
INC0030788,3 - Moderate,Category 46,Group 10,0.473,1,0,Medium
INC0029710,3 - Moderate,Category 34,Group 30,0.473,1,1,Medium
INC0029413,3 - Moderate,Category 53,Group 66,0.472,1,0,Medium
INC0118370,3 - Moderate,Other,Group 70,0.472,1,0,Medium
INC0029900,3 - Moderate,Category 46,Group 31,0.472,1,1,Medium
INC0031020,3 - Moderate,Category 23,Group 20,0.472,1,1,Medium
INC0116227,3 - Moderate,Other,Group 70,0.472,1,0,Medium
INC0029669,3 - Moderate,Category 46,Group 57,0.472,1,1,Medium
INC0028728,3 - Moderate,Category 42,Other,0.471,1,0,Medium
INC0071318,3 - Moderate,Category 45,Other,0.471,1,1,Medium
INC0032232,3 - Moderate,Category 46,Group 10,0.471,1,1,Medium
INC0033055,3 - Moderate,Category 46,Group 6,0.471,1,1,Medium
INC0030250,3 - Moderate,Category 46,Group 57,0.471,1,0,Medium
INC0030251,3 - Moderate,Category 46,Group 57,0.471,1,1,Medium
INC0103724,3 - Moderate,Category 45,Group 22,0.47,1,1,Medium
INC0033116,3 - Moderate,Category 9,Group 25,0.469,1,1,Medium
INC0030086,3 - Moderate,Category 53,Group 51,0.469,1,1,Medium
INC0030395,3 - Moderate,Category 53,Group 66,0.469,1,1,Medium
INC0030869,3 - Moderate,Category 46,Group 6,0.468,1,1,Medium
INC0034413,3 - Moderate,Category 57,Group 65,0.468,1,0,Medium
INC0031004,3 - Moderate,Category 46,Group 22,0.468,1,0,Medium
INC0067182,3 - Moderate,Category 56,Group 65,0.468,1,1,Medium
INC0034061,3 - Moderate,Category 42,Group 70,0.468,1,0,Medium
INC0028471,3 - Moderate,Category 42,Other,0.468,1,0,Medium
INC0030045,3 - Moderate,Category 46,Group 57,0.468,1,1,Medium
INC0031160,3 - Moderate,Category 46,Group 10,0.467,1,0,Medium
INC0030860,3 - Moderate,Category 46,Group 39,0.467,1,0,Medium
INC0028962,3 - Moderate,Category 46,Group 10,0.467,1,0,Medium
INC0109039,3 - Moderate,Category 45,Group 70,0.467,1,1,Medium
INC0031967,3 - Moderate,Category 53,Group 76,0.467,1,0,Medium
INC0030525,3 - Moderate,Category 46,Group 22,0.467,1,0,Medium
INC0034426,3 - Moderate,Category 46,Group 22,0.467,1,0,Medium
INC0034343,3 - Moderate,Category 46,Group 22,0.467,1,0,Medium
INC0030850,3 - Moderate,Category 46,Other,0.466,1,1,Medium
INC0030875,3 - Moderate,Category 57,Group 58,0.466,1,1,Medium
INC0029100,3 - Moderate,Category 24,Group 20,0.465,1,0,Medium
INC0032716,3 - Moderate,Category 9,Group 25,0.464,1,1,Medium
INC0028986,3 - Moderate,Category 24,Group 25,0.464,1,0,Medium
INC0030649,3 - Moderate,Category 24,Group 25,0.464,1,1,Medium
INC0028744,3 - Moderate,Category 46,Group 6,0.463,1,1,Medium
INC0033602,3 - Moderate,Category 46,Group 57,0.463,1,1,Medium
INC0029212,3 - Moderate,Category 53,Group 66,0.463,1,1,Medium
INC0031329,3 - Moderate,Category 46,Group 33,0.463,1,1,Medium
INC0032582,3 - Moderate,Category 53,Group 66,0.462,1,1,Medium
INC0101552,3 - Moderate,Category 56,Group 65,0.462,1,1,Medium
INC0029366,3 - Moderate,Category 23,Group 20,0.462,1,1,Medium
INC0033083,3 - Moderate,Category 46,Group 10,0.462,1,1,Medium
INC0032734,3 - Moderate,Category 46,Group 10,0.461,1,0,Medium
INC0031271,3 - Moderate,Category 46,Group 10,0.461,1,0,Medium
INC0028841,3 - Moderate,Category 57,Group 65,0.461,1,0,Medium
INC0032906,3 - Moderate,Category 23,Group 20,0.461,1,1,Medium
INC0032221,3 - Moderate,Category 19,Other,0.461,1,0,Medium
INC0031069,3 - Moderate,Category 23,Group 20,0.461,1,1,Medium
INC0059354,3 - Moderate,Category 45,Other,0.46,1,1,Medium
INC0033273,3 - Moderate,Category 37,Group 55,0.459,1,0,Medium
INC0034329,3 - Moderate,Category 46,Group 57,0.459,1,1,Medium
INC0030891,3 - Moderate,Category 57,Group 65,0.459,1,1,Medium
INC0031901,3 - Moderate,Category 46,Group 57,0.459,1,1,Medium
INC0030884,3 - Moderate,Category 57,Group 65,0.459,1,1,Medium
INC0033990,3 - Moderate,Category 46,Group 57,0.458,1,1,Medium
INC0029074,3 - Moderate,Category 46,Group 57,0.458,1,1,Medium
INC0031292,3 - Moderate,Category 23,Group 20,0.458,1,0,Medium
INC0031172,3 - Moderate,Category 23,Group 20,0.457,1,1,Medium
INC0032523,3 - Moderate,Category 24,Group 20,0.456,1,1,Medium
INC0032561,3 - Moderate,Category 46,Group 57,0.456,1,1,Medium
INC0031764,3 - Moderate,Category 53,Group 66,0.455,1,0,Medium
INC0029451,3 - Moderate,Category 24,Group 20,0.455,1,1,Medium
INC0102727,3 - Moderate,Category 56,Group 65,0.455,1,1,Medium
INC0030780,3 - Moderate,Category 46,Group 10,0.455,1,1,Medium
INC0029140,3 - Moderate,Category 24,Group 28,0.454,1,1,Medium
INC0031987,3 - Moderate,Category 46,Group 57,0.454,1,0,Medium
INC0033866,3 - Moderate,Category 23,Group 20,0.454,1,0,Medium
INC0031217,3 - Moderate,Category 46,Group 33,0.454,1,0,Medium
INC0034358,3 - Moderate,Category 46,Group 31,0.454,1,1,Medium
INC0032939,3 - Moderate,Category 46,Group 22,0.453,1,0,Medium
INC0029729,3 - Moderate,Category 46,Group 57,0.453,1,0,Medium
INC0033894,3 - Moderate,Category 46,Group 33,0.453,1,1,Medium
INC0029067,3 - Moderate,Category 53,Group 66,0.452,1,1,Medium
INC0034392,3 - Moderate,Category 46,Group 6,0.452,1,0,Medium
INC0029831,3 - Moderate,Category 19,Group 28,0.452,1,1,Medium
INC0028507,3 - Moderate,Category 46,Other,0.451,1,1,Medium
INC0031156,3 - Moderate,Category 24,Other,0.451,1,1,Medium
INC0029861,3 - Moderate,Category 53,Group 76,0.451,1,0,Medium
INC0030405,3 - Moderate,Category 46,Group 57,0.451,1,1,Medium
INC0032925,3 - Moderate,Category 9,Group 25,0.45,1,1,Medium
INC0034313,3 - Moderate,Category 46,Group 6,0.45,1,0,Medium
INC0031873,3 - Moderate,Category 46,Group 22,0.45,1,0,Medium
INC0030638,3 - Moderate,Category 24,Group 10,0.45,1,1,Medium
INC0033676,3 - Moderate,Category 61,Group 73,0.449,1,1,Medium
INC0031052,3 - Moderate,Category 24,Group 28,0.449,1,0,Medium
INC0029936,3 - Moderate,Category 53,Group 76,0.449,1,0,Medium
INC0030362,3 - Moderate,Category 61,Other,0.449,1,0,Medium
INC0032236,3 - Moderate,Category 53,Group 76,0.449,1,1,Medium
INC0032973,3 - Moderate,Category 53,Group 66,0.449,1,1,Medium
INC0030696,3 - Moderate,Category 61,Group 72,0.448,1,0,Medium
INC0030000,3 - Moderate,Category 46,Group 57,0.448,1,0,Medium
INC0034213,3 - Moderate,Category 53,Group 76,0.448,1,1,Medium
INC0032698,3 - Moderate,Category 53,Group 66,0.447,1,1,Medium
INC0028354,3 - Moderate,Category 46,Group 22,0.447,1,1,Medium
INC0030295,3 - Moderate,Category 57,Group 65,0.446,1,0,Medium
INC0030331,3 - Moderate,Category 9,Group 25,0.446,1,1,Medium
INC0034422,3 - Moderate,Category 46,Group 22,0.446,1,0,Medium
INC0030307,3 - Moderate,Category 57,Group 65,0.446,1,0,Medium
INC0032659,3 - Moderate,Category 46,Group 10,0.446,1,1,Medium
INC0034249,3 - Moderate,Category 42,Group 70,0.446,1,0,Medium
INC0030306,3 - Moderate,Category 24,Group 25,0.446,1,0,Medium
INC0032722,3 - Moderate,Category 24,Group 27,0.446,1,1,Medium
INC0033226,3 - Moderate,Category 46,Group 57,0.445,1,1,Medium
INC0033230,3 - Moderate,Category 46,Group 57,0.445,1,1,Medium
INC0029823,3 - Moderate,Category 46,Group 10,0.445,1,1,Medium
INC0030309,3 - Moderate,Category 46,Group 22,0.445,1,0,Medium
INC0030019,3 - Moderate,Category 9,Group 9,0.445,1,0,Medium
INC0030911,3 - Moderate,Category 9,Group 25,0.445,1,1,Medium
INC0030003,3 - Moderate,Category 53,Other,0.445,1,1,Medium
INC0031603,3 - Moderate,Category 9,Group 20,0.445,1,0,Medium
INC0028878,3 - Moderate,Category 46,Group 22,0.444,1,1,Medium
INC0089111,3 - Moderate,Category 56,Group 65,0.444,1,1,Medium
INC0033134,3 - Moderate,Category 46,Other,0.444,1,0,Medium
INC0032196,3 - Moderate,Category 53,Group 66,0.444,1,0,Medium
INC0029539,3 - Moderate,Category 46,Group 57,0.444,1,0,Medium
INC0115203,3 - Moderate,Other,Group 70,0.443,1,0,Medium
INC0031187,3 - Moderate,Category 8,Other,0.443,1,1,Medium
INC0030778,3 - Moderate,Category 61,Group 73,0.443,1,0,Medium
INC0034035,3 - Moderate,Category 57,Group 65,0.442,1,0,Medium
INC0032813,3 - Moderate,Category 24,Group 28,0.442,1,0,Medium
INC0032802,3 - Moderate,Category 24,Group 28,0.442,1,0,Medium
INC0033243,3 - Moderate,Category 51,Group 20,0.441,1,0,Medium
INC0031037,3 - Moderate,Category 57,Group 65,0.441,1,0,Medium
INC0032885,3 - Moderate,Category 57,Group 65,0.441,1,0,Medium
INC0030205,3 - Moderate,Category 46,Group 57,0.441,1,0,Medium
INC0105742,3 - Moderate,Category 42,Group 70,0.441,1,0,Medium
INC0109244,3 - Moderate,Other,Group 70,0.441,1,0,Medium
INC0034352,3 - Moderate,Category 46,Group 10,0.441,1,0,Medium
INC0030421,3 - Moderate,Category 23,Group 20,0.441,1,1,Medium
INC0032647,3 - Moderate,Category 34,Group 25,0.44,1,0,Medium
INC0033309,3 - Moderate,Category 53,Group 20,0.44,1,0,Medium
INC0033019,3 - Moderate,Category 9,Group 25,0.44,1,1,Medium
INC0029952,3 - Moderate,Category 46,Other,0.44,1,0,Medium
INC0029284,3 - Moderate,Category 53,Group 66,0.44,1,0,Medium
INC0031683,3 - Moderate,Category 46,Other,0.44,1,1,Medium
INC0028679,3 - Moderate,Category 53,Group 28,0.438,1,0,Medium
INC0029007,3 - Moderate,Category 46,Group 22,0.437,1,0,Medium
INC0033896,3 - Moderate,Category 57,Group 65,0.437,1,1,Medium
INC0029365,3 - Moderate,Category 53,Group 31,0.437,1,1,Medium
INC0030520,3 - Moderate,Category 46,Group 22,0.437,1,0,Medium
INC0094897,3 - Moderate,Category 42,Group 55,0.436,1,1,Medium
INC0028645,3 - Moderate,Category 9,Group 29,0.436,1,0,Medium
INC0030065,3 - Moderate,Category 46,Group 39,0.436,1,0,Medium
INC0030244,3 - Moderate,Category 61,Other,0.436,1,1,Medium
INC0030416,3 - Moderate,Category 46,Group 22,0.436,1,0,Medium
INC0030492,3 - Moderate,Category 24,Group 27,0.436,1,0,Medium
INC0028866,3 - Moderate,Category 23,Group 20,0.435,1,1,Medium
INC0032240,3 - Moderate,Category 37,Group 72,0.435,1,1,Medium
INC0028847,3 - Moderate,Category 46,Group 33,0.435,1,1,Medium
INC0112380,3 - Moderate,Category 56,Group 24,0.435,1,1,Medium
INC0033035,3 - Moderate,Category 24,Group 27,0.434,1,1,Medium
INC0028757,3 - Moderate,Category 46,Group 22,0.434,1,0,Medium
INC0034050,3 - Moderate,Category 46,Group 57,0.433,1,1,Medium
INC0030924,3 - Moderate,Category 57,Group 65,0.433,1,1,Medium
INC0041123,3 - Moderate,Category 45,Other,0.433,1,1,Medium
INC0033723,3 - Moderate,Category 9,Group 29,0.433,1,1,Medium
INC0031170,3 - Moderate,Category 40,Group 20,0.433,1,0,Medium
INC0031783,3 - Moderate,Category 57,Group 51,0.432,1,1,Medium
INC0031013,3 - Moderate,Category 40,Group 20,0.431,1,1,Medium
INC0030288,3 - Moderate,Category 46,Group 10,0.431,1,0,Medium
INC0032656,3 - Moderate,Category 46,Group 22,0.431,1,0,Medium
INC0031014,3 - Moderate,Category 23,Group 20,0.431,1,1,Medium
INC0034312,3 - Moderate,Category 37,Group 72,0.431,1,0,Medium
INC0057013,3 - Moderate,Other,Group 72,0.431,1,0,Medium
INC0029514,3 - Moderate,Category 53,Group 55,0.431,1,1,Medium
INC0032133,3 - Moderate,Category 53,Group 76,0.431,1,0,Medium
INC0032013,3 - Moderate,Category 42,Other,0.43,1,1,Medium
INC0032495,3 - Moderate,Category 23,Group 20,0.43,1,0,Medium
INC0034254,3 - Moderate,Category 9,Group 25,0.43,1,1,Medium
INC0032851,3 - Moderate,Category 46,Group 6,0.43,1,1,Medium
INC0030465,3 - Moderate,Category 37,Group 20,0.43,1,1,Medium
INC0032410,3 - Moderate,Category 57,Group 65,0.429,1,1,Medium
INC0030998,3 - Moderate,Category 46,Group 22,0.429,1,0,Medium
INC0032412,3 - Moderate,Category 57,Group 65,0.429,1,1,Medium
INC0032413,3 - Moderate,Category 57,Group 65,0.429,1,1,Medium
INC0032415,3 - Moderate,Category 57,Group 65,0.429,1,1,Medium
INC0032414,3 - Moderate,Category 57,Group 65,0.429,1,1,Medium
INC0032060,3 - Moderate,Category 46,Group 22,0.428,1,0,Medium
INC0032086,3 - Moderate,Category 46,Group 57,0.428,1,1,Medium
INC0032031,3 - Moderate,Category 57,Group 65,0.428,1,0,Medium
INC0033686,3 - Moderate,Category 24,Group 25,0.428,1,1,Medium
INC0032680,3 - Moderate,Category 46,Group 22,0.428,1,1,Medium
INC0032041,3 - Moderate,Category 46,Group 22,0.428,1,0,Medium
INC0031754,3 - Moderate,Category 46,Other,0.427,1,0,Medium
INC0034062,3 - Moderate,Category 9,Group 25,0.427,1,1,Medium
INC0032797,3 - Moderate,Category 46,Group 22,0.427,1,1,Medium
INC0028789,3 - Moderate,Category 24,Group 25,0.427,1,0,Medium
INC0029971,3 - Moderate,Category 57,Group 65,0.426,1,0,Medium
INC0032306,3 - Moderate,Category 53,Group 76,0.426,1,0,Medium
INC0031634,3 - Moderate,Category 46,Group 6,0.426,1,1,Medium
INC0032595,3 - Moderate,Category 23,Group 20,0.426,1,1,Medium
INC0032403,3 - Moderate,Category 53,Group 51,0.425,1,1,Medium
INC0032750,3 - Moderate,Category 42,Group 55,0.425,1,0,Medium
INC0030928,3 - Moderate,Category 9,Group 25,0.425,1,0,Medium
INC0028932,3 - Moderate,Category 9,Group 28,0.425,1,0,Medium
INC0034041,3 - Moderate,Category 24,Group 27,0.425,1,1,Medium
INC0101381,3 - Moderate,Category 45,Group 10,0.425,1,0,Medium
INC0118026,3 - Moderate,Other,Group 25,0.424,1,1,Medium
INC0029701,3 - Moderate,Category 57,Group 65,0.424,1,0,Medium
INC0030535,3 - Moderate,Category 57,Group 65,0.424,1,0,Medium
INC0028522,4 - Low,Category 53,Group 76,0.424,1,0,Medium
INC0028842,3 - Moderate,Category 57,Group 65,0.423,1,1,Medium
INC0030682,3 - Moderate,Category 46,Group 22,0.423,1,0,Medium
INC0031579,3 - Moderate,Category 46,Group 57,0.423,1,0,Medium
INC0031915,3 - Moderate,Category 57,Group 65,0.422,1,0,Medium
INC0033873,3 - Moderate,Category 23,Group 20,0.422,1,0,Medium
INC0029367,3 - Moderate,Category 46,Group 39,0.422,1,0,Medium
INC0034225,3 - Moderate,Category 46,Group 10,0.422,1,0,Medium
INC0034427,3 - Moderate,Category 46,Group 22,0.422,1,0,Medium
INC0030741,3 - Moderate,Category 23,Group 20,0.422,1,0,Medium
INC0031081,3 - Moderate,Category 46,Group 22,0.421,1,1,Medium
INC0032046,3 - Moderate,Other,Group 27,0.421,1,0,Medium
INC0034428,3 - Moderate,Category 46,Group 22,0.421,1,0,Medium
INC0034238,3 - Moderate,Category 57,Group 65,0.421,1,1,Medium
INC0034424,3 - Moderate,Category 46,Group 22,0.421,1,0,Medium
INC0033236,3 - Moderate,Category 57,Group 65,0.421,1,0,Medium
INC0028914,3 - Moderate,Category 57,Group 65,0.421,1,0,Medium
INC0113197,3 - Moderate,Category 56,Group 70,0.421,1,1,Medium
INC0028918,3 - Moderate,Category 34,Group 25,0.421,1,0,Medium
INC0028828,3 - Moderate,Category 23,Group 20,0.42,1,1,Medium
INC0032388,3 - Moderate,Category 46,Group 22,0.42,1,1,Medium
INC0100382,3 - Moderate,Category 45,Group 31,0.42,1,1,Medium
INC0033123,3 - Moderate,Category 46,Other,0.42,1,1,Medium
INC0091855,3 - Moderate,Category 45,Group 22,0.419,1,0,Medium
INC0029363,3 - Moderate,Category 53,Group 20,0.419,1,1,Medium
INC0030111,3 - Moderate,Category 57,Group 51,0.418,1,0,Medium
INC0030634,3 - Moderate,Category 46,Group 22,0.418,1,1,Medium
INC0030109,3 - Moderate,Category 19,Group 20,0.418,1,1,Medium
INC0033316,3 - Moderate,Category 46,Group 22,0.418,1,0,Medium
INC0034017,3 - Moderate,Category 57,Group 65,0.417,1,0,Medium
INC0031615,3 - Moderate,Category 23,Group 20,0.417,1,0,Medium
INC0031693,3 - Moderate,Category 46,Group 22,0.417,1,0,Medium
INC0028556,3 - Moderate,Category 46,Group 39,0.417,1,0,Medium
INC0033744,3 - Moderate,Category 46,Group 6,0.416,1,0,Medium
INC0030855,3 - Moderate,Category 51,Group 54,0.416,1,1,Medium
INC0033318,3 - Moderate,Category 46,Group 33,0.416,1,1,Medium
INC0029110,3 - Moderate,Category 23,Group 20,0.416,1,0,Medium
INC0033698,3 - Moderate,Category 24,Other,0.415,1,1,Medium
INC0031098,3 - Moderate,Category 57,Group 65,0.415,1,0,Medium
INC0032243,3 - Moderate,Category 46,Group 22,0.415,1,0,Medium
INC0029726,3 - Moderate,Category 23,Group 20,0.415,1,0,Medium
INC0029595,3 - Moderate,Category 57,Group 65,0.414,1,0,Medium
INC0099986,3 - Moderate,Category 45,Group 22,0.414,1,0,Medium
INC0030721,3 - Moderate,Category 46,Group 22,0.414,1,1,Medium
INC0030643,3 - Moderate,Category 24,Group 25,0.414,1,1,Medium
INC0032735,3 - Moderate,Category 46,Group 6,0.413,1,0,Medium
INC0028856,3 - Moderate,Category 53,Group 25,0.413,1,1,Medium
INC0030752,3 - Moderate,Category 8,Other,0.413,1,0,Medium
INC0031942,3 - Moderate,Category 57,Group 65,0.413,1,0,Medium
INC0109164,3 - Moderate,Other,Group 70,0.413,1,0,Medium
INC0029534,3 - Moderate,Category 46,Group 57,0.412,1,0,Medium
INC0029535,3 - Moderate,Category 46,Group 57,0.412,1,0,Medium
INC0031599,3 - Moderate,Category 46,Group 10,0.412,1,0,Medium
INC0030656,3 - Moderate,Category 46,Group 22,0.412,1,1,Medium
INC0030736,3 - Moderate,Category 23,Group 20,0.412,1,1,Medium
INC0029404,3 - Moderate,Category 24,Group 25,0.412,1,0,Medium
INC0031701,3 - Moderate,Category 19,Group 72,0.411,1,0,Medium
INC0113461,3 - Moderate,Category 44,Group 70,0.411,1,1,Medium
INC0031063,3 - Moderate,Category 57,Group 65,0.411,1,0,Medium
INC0033221,3 - Moderate,Category 46,Group 22,0.411,1,1,Medium
INC0033436,3 - Moderate,Category 23,Group 20,0.41,1,0,Medium
INC0033188,3 - Moderate,Category 57,Group 65,0.41,1,0,Medium
INC0032073,3 - Moderate,Category 23,Group 20,0.41,1,0,Medium
INC0029576,3 - Moderate,Category 46,Group 55,0.41,1,0,Medium
INC0029580,3 - Moderate,Category 46,Group 55,0.41,1,1,Medium
INC0033074,3 - Moderate,Category 8,Other,0.41,1,1,Medium
INC0034339,3 - Moderate,Category 42,Other,0.409,1,1,Medium
INC0030697,3 - Moderate,Category 57,Other,0.409,1,1,Medium
INC0030639,3 - Moderate,Category 37,Other,0.409,1,0,Medium
INC0030739,3 - Moderate,Category 46,Group 6,0.409,1,0,Medium
INC0028790,3 - Moderate,Category 8,Other,0.409,1,0,Medium
INC0032231,3 - Moderate,Category 9,Group 25,0.409,1,1,Medium
INC0032956,3 - Moderate,Category 17,Group 69,0.409,1,0,Medium
INC0031894,3 - Moderate,Category 23,Group 20,0.409,1,0,Medium
INC0033308,3 - Moderate,Category 53,Group 20,0.408,1,0,Medium
INC0028611,3 - Moderate,Category 57,Group 65,0.408,1,0,Medium
INC0031229,3 - Moderate,Category 46,Group 39,0.408,1,0,Medium
INC0033445,3 - Moderate,Category 46,Group 55,0.408,1,0,Medium
INC0030473,3 - Moderate,Category 46,Group 6,0.408,1,1,Medium
INC0032411,3 - Moderate,Category 56,Group 65,0.408,1,1,Medium
INC0030484,3 - Moderate,Category 57,Group 65,0.408,1,0,Medium
INC0098027,3 - Moderate,Category 45,Group 33,0.407,1,0,Medium
INC0033677,3 - Moderate,Category 46,Group 10,0.407,1,0,Medium
INC0031799,3 - Moderate,Category 46,Other,0.407,1,0,Medium
INC0030392,3 - Moderate,Category 57,Group 65,0.406,1,0,Medium
INC0031677,3 - Moderate,Category 23,Group 20,0.406,1,0,Medium
INC0031509,3 - Moderate,Category 46,Group 10,0.406,1,0,Medium
INC0030043,3 - Moderate,Category 53,Group 29,0.406,1,1,Medium
INC0031047,3 - Moderate,Category 19,Group 54,0.406,1,1,Medium
INC0030626,3 - Moderate,Category 57,Group 65,0.406,1,0,Medium
INC0030635,3 - Moderate,Category 57,Group 65,0.406,1,0,Medium
INC0030619,3 - Moderate,Category 57,Group 65,0.406,1,1,Medium
INC0030606,3 - Moderate,Category 57,Group 65,0.406,1,0,Medium
INC0030594,3 - Moderate,Category 57,Group 65,0.406,1,0,Medium
INC0030832,3 - Moderate,Category 23,Group 20,0.405,1,0,Medium
INC0030640,3 - Moderate,Category 46,Group 22,0.405,1,1,Medium
INC0034206,3 - Moderate,Category 23,Group 20,0.405,1,1,Medium
INC0029962,3 - Moderate,Category 57,Other,0.405,1,1,Medium
INC0028458,3 - Moderate,Category 61,Group 73,0.405,1,0,Medium
INC0028346,3 - Moderate,Category 46,Group 33,0.405,1,0,Medium
INC0106206,3 - Moderate,Category 42,Group 66,0.404,1,0,Medium
INC0032326,3 - Moderate,Category 46,Group 22,0.404,1,0,Medium
INC0116895,3 - Moderate,Category 45,Group 70,0.404,1,0,Medium
INC0119390,3 - Moderate,Category 45,Group 70,0.404,1,0,Medium
INC0030237,3 - Moderate,Category 46,Group 10,0.404,1,1,Medium
INC0032283,3 - Moderate,Category 61,Other,0.404,1,1,Medium
INC0033939,3 - Moderate,Category 9,Group 25,0.403,1,1,Medium
INC0030683,3 - Moderate,Category 46,Group 39,0.403,1,0,Medium
INC0033565,3 - Moderate,Category 23,Group 20,0.403,1,0,Medium
INC0033492,3 - Moderate,Category 46,Group 57,0.403,1,0,Medium
INC0033104,3 - Moderate,Category 57,Group 65,0.403,1,1,Medium
INC0031362,3 - Moderate,Category 46,Group 22,0.403,1,0,Medium
INC0108121,3 - Moderate,Other,Group 70,0.403,1,0,Medium
INC0033712,3 - Moderate,Category 46,Group 10,0.403,1,0,Medium
INC0030920,3 - Moderate,Category 57,Group 65,0.403,1,1,Medium
INC0028703,3 - Moderate,Category 23,Group 20,0.402,1,1,Medium
INC0084869,3 - Moderate,Category 56,Group 65,0.402,1,0,Medium
INC0034189,3 - Moderate,Category 46,Group 6,0.402,1,0,Medium
INC0029187,3 - Moderate,Category 46,Group 57,0.402,1,1,Medium
INC0084763,3 - Moderate,Category 56,Group 65,0.402,1,1,Medium
INC0034031,3 - Moderate,Category 46,Group 6,0.402,1,1,Medium
INC0115686,3 - Moderate,Other,Group 70,0.401,1,0,Medium
INC0030726,3 - Moderate,Category 19,Group 29,0.401,1,0,Medium
INC0028776,3 - Moderate,Category 28,Group 25,0.401,1,0,Medium
INC0029891,3 - Moderate,Category 23,Group 20,0.401,1,0,Medium
INC0034433,3 - Moderate,Category 57,Other,0.401,1,0,Medium
INC0032960,3 - Moderate,Category 23,Group 20,0.4,1,1,Medium
INC0028613,3 - Moderate,Category 23,Group 20,0.4,1,0,Medium
INC0034236,3 - Moderate,Category 9,Group 25,0.4,1,1,Medium
INC0055160,3 - Moderate,Category 56,Other,0.4,1,0,Medium
INC0034176,3 - Moderate,Category 46,Group 6,0.4,1,0,Medium
INC0028332,3 - Moderate,Category 9,Group 28,0.4,1,1,Medium
INC0030259,3 - Moderate,Category 24,Group 27,0.4,1,1,Medium
INC0033021,3 - Moderate,Category 53,Group 10,0.399,1,0,Medium
INC0031940,3 - Moderate,Category 28,Group 25,0.399,1,1,Medium
INC0030113,3 - Moderate,Category 61,Group 72,0.399,1,1,Medium
INC0029781,3 - Moderate,Category 53,Group 66,0.399,1,1,Medium
INC0028959,3 - Moderate,Category 57,Other,0.399,1,0,Medium
INC0034172,3 - Moderate,Category 46,Group 57,0.399,1,0,Medium
INC0032390,3 - Moderate,Category 46,Group 22,0.398,1,0,Medium
INC0032019,3 - Moderate,Category 24,Group 28,0.398,1,0,Medium
INC0029357,3 - Moderate,Category 46,Other,0.398,1,1,Medium
INC0031696,3 - Moderate,Category 23,Group 20,0.398,1,0,Medium
INC0028501,3 - Moderate,Category 53,Group 76,0.398,1,0,Medium
INC0028735,3 - Moderate,Category 42,Other,0.398,1,1,Medium
INC0030327,3 - Moderate,Category 46,Group 22,0.397,1,1,Medium
INC0032603,3 - Moderate,Category 53,Group 25,0.397,1,1,Medium
INC0030037,3 - Moderate,Category 46,Group 22,0.397,1,0,Medium
INC0030397,3 - Moderate,Category 24,Group 28,0.397,1,0,Medium
INC0033807,3 - Moderate,Category 34,Group 25,0.397,1,0,Medium
INC0028916,3 - Moderate,Category 46,Group 39,0.397,1,0,Medium
INC0032651,3 - Moderate,Category 46,Group 55,0.396,1,1,Medium
INC0083599,3 - Moderate,Category 45,Group 10,0.396,1,0,Medium
INC0032540,3 - Moderate,Category 51,Group 20,0.396,1,0,Medium
INC0033157,3 - Moderate,Category 53,Other,0.396,1,0,Medium
INC0032707,3 - Moderate,Category 34,Group 27,0.396,1,1,Medium
INC0032703,3 - Moderate,Category 34,Group 27,0.396,1,0,Medium
INC0033155,3 - Moderate,Category 53,Other,0.396,1,0,Medium
INC0032743,3 - Moderate,Category 46,Group 39,0.396,1,0,Medium
INC0029018,3 - Moderate,Category 57,Group 51,0.396,1,0,Medium
INC0033340,3 - Moderate,Category 53,Group 29,0.395,1,0,Medium
INC0029198,3 - Moderate,Category 34,Group 69,0.395,1,1,Medium
INC0115004,3 - Moderate,Other,Other,0.395,1,0,Medium
INC0030690,3 - Moderate,Category 46,Group 10,0.394,1,0,Medium
INC0032461,3 - Moderate,Category 23,Group 20,0.394,1,1,Medium
INC0032563,3 - Moderate,Category 46,Group 22,0.394,1,1,Medium
INC0033219,3 - Moderate,Category 46,Group 55,0.393,1,1,Medium
INC0028316,3 - Moderate,Category 46,Group 10,0.393,1,0,Medium
INC0083083,3 - Moderate,Other,Group 27,0.393,1,0,Medium
INC0029937,3 - Moderate,Category 24,Group 29,0.393,1,1,Medium
INC0033740,3 - Moderate,Category 61,Group 73,0.393,1,0,Medium
INC0030627,3 - Moderate,Category 53,Group 25,0.393,1,1,Medium
INC0112421,3 - Moderate,Other,Group 70,0.392,1,0,Medium
INC0033284,3 - Moderate,Category 57,Group 65,0.392,1,0,Medium
INC0030758,3 - Moderate,Category 23,Group 20,0.392,1,1,Medium
INC0033978,3 - Moderate,Category 57,Group 65,0.392,1,1,Medium
INC0032395,3 - Moderate,Category 57,Group 65,0.392,1,1,Medium
INC0030613,3 - Moderate,Category 46,Group 22,0.392,1,1,Medium
INC0032969,3 - Moderate,Category 23,Group 20,0.392,1,0,Medium
INC0034208,3 - Moderate,Category 46,Group 22,0.391,1,1,Medium
INC0034344,3 - Moderate,Category 9,Group 29,0.391,1,0,Medium
INC0114513,3 - Moderate,Other,Group 70,0.391,1,0,Medium
INC0106395,3 - Moderate,Other,Group 70,0.391,1,1,Medium
INC0030898,3 - Moderate,Category 44,Group 5,0.391,1,0,Medium
INC0031539,3 - Moderate,Category 46,Group 57,0.391,1,0,Medium
INC0029170,3 - Moderate,Category 24,Group 27,0.391,1,0,Medium
INC0031137,3 - Moderate,Category 23,Group 20,0.391,1,0,Medium
INC0031651,3 - Moderate,Category 9,Group 25,0.39,1,1,Medium
INC0032550,3 - Moderate,Category 23,Group 20,0.39,1,1,Medium
INC0034314,3 - Moderate,Category 23,Group 20,0.39,1,0,Medium
INC0032954,3 - Moderate,Category 46,Group 33,0.39,1,0,Medium
INC0030978,3 - Moderate,Category 61,Group 73,0.39,1,0,Medium
INC0034186,3 - Moderate,Category 23,Group 20,0.39,1,0,Medium
INC0034164,3 - Moderate,Category 23,Group 20,0.39,1,1,Medium
INC0086739,3 - Moderate,Category 44,Group 5,0.389,1,0,Medium
INC0028506,3 - Moderate,Category 23,Group 20,0.389,1,0,Medium
INC0028693,3 - Moderate,Category 24,Group 25,0.389,1,0,Medium
INC0032801,3 - Moderate,Category 42,Other,0.388,1,0,Medium
INC0103469,3 - Moderate,Other,Group 23,0.388,1,1,Medium
INC0033043,3 - Moderate,Category 46,Group 31,0.388,1,0,Medium
INC0028466,3 - Moderate,Category 57,Group 65,0.388,1,1,Medium
INC0032967,3 - Moderate,Category 53,Other,0.388,1,1,Medium
INC0028486,3 - Moderate,Category 57,Group 65,0.388,1,1,Medium
INC0031838,3 - Moderate,Category 57,Group 65,0.388,1,0,Medium
INC0033354,3 - Moderate,Category 46,Group 10,0.387,1,1,Medium
INC0033725,3 - Moderate,Category 23,Group 20,0.387,1,0,Medium
INC0033762,3 - Moderate,Category 23,Group 20,0.387,1,0,Medium
INC0030762,3 - Moderate,Category 23,Group 20,0.387,1,0,Medium
INC0031073,3 - Moderate,Category 57,Group 65,0.386,1,0,Medium
INC0030007,3 - Moderate,Category 53,Group 10,0.386,1,1,Medium
INC0032634,3 - Moderate,Category 57,Group 65,0.386,1,0,Medium
INC0034043,3 - Moderate,Category 46,Group 10,0.386,1,1,Medium
INC0112185,3 - Moderate,Other,Group 70,0.385,1,0,Medium
INC0034217,3 - Moderate,Category 46,Group 10,0.385,1,0,Medium
INC0032942,3 - Moderate,Category 57,Group 65,0.385,1,1,Medium
INC0033718,3 - Moderate,Category 23,Group 20,0.385,1,1,Medium
INC0031254,3 - Moderate,Category 61,Group 73,0.385,1,0,Medium
INC0030151,3 - Moderate,Category 57,Group 65,0.384,1,0,Medium
INC0032946,3 - Moderate,Category 46,Group 39,0.384,1,0,Medium
INC0030140,3 - Moderate,Category 57,Group 65,0.384,1,0,Medium
INC0029126,3 - Moderate,Category 57,Group 51,0.384,1,1,Medium
INC0031800,3 - Moderate,Category 46,Group 6,0.384,1,0,Medium
INC0031810,3 - Moderate,Category 46,Other,0.384,1,0,Medium
INC0032917,3 - Moderate,Category 46,Group 39,0.384,1,0,Medium
INC0109911,3 - Moderate,Category 44,Group 5,0.383,1,0,Medium
INC0028494,3 - Moderate,Category 9,Group 30,0.383,1,1,Medium
INC0032453,3 - Moderate,Category 53,Group 25,0.383,1,1,Medium
INC0031585,3 - Moderate,Category 34,Group 27,0.382,1,0,Medium
INC0030605,3 - Moderate,Category 46,Group 33,0.382,1,1,Medium
INC0029339,3 - Moderate,Category 61,Group 72,0.382,1,0,Medium
INC0049186,3 - Moderate,Category 45,Group 10,0.382,1,1,Medium
INC0033705,3 - Moderate,Category 42,Group 55,0.382,1,0,Medium
INC0030865,3 - Moderate,Category 57,Group 65,0.382,1,0,Medium
INC0031209,3 - Moderate,Category 23,Group 20,0.382,1,0,Medium
INC0031191,3 - Moderate,Category 23,Group 20,0.382,1,0,Medium
INC0031201,3 - Moderate,Category 23,Group 20,0.382,1,0,Medium
INC0030530,3 - Moderate,Category 46,Group 22,0.382,1,0,Medium
INC0099708,3 - Moderate,Category 45,Other,0.382,1,1,Medium
INC0031188,3 - Moderate,Category 23,Group 20,0.382,1,0,Medium
INC0031190,3 - Moderate,Category 23,Group 20,0.382,1,0,Medium
INC0029833,3 - Moderate,Category 46,Group 6,0.382,1,0,Medium
INC0032920,3 - Moderate,Category 46,Group 6,0.382,1,1,Medium
INC0028737,3 - Moderate,Category 44,Group 5,0.382,1,0,Medium
INC0031213,3 - Moderate,Category 23,Group 20,0.382,1,0,Medium
INC0033736,3 - Moderate,Category 61,Group 73,0.381,1,1,Medium
INC0032149,3 - Moderate,Category 53,Group 66,0.381,1,1,Medium
INC0033380,3 - Moderate,Category 46,Group 55,0.381,1,0,Medium
INC0032444,3 - Moderate,Category 9,Group 25,0.381,1,1,Medium
INC0030603,3 - Moderate,Category 57,Group 65,0.381,1,0,Medium
INC0031636,3 - Moderate,Category 46,Group 22,0.381,1,1,Medium
INC0028778,3 - Moderate,Category 9,Group 27,0.381,1,0,Medium
INC0031803,3 - Moderate,Category 46,Other,0.381,1,0,Medium
INC0030976,3 - Moderate,Category 57,Group 65,0.381,1,0,Medium
INC0034060,3 - Moderate,Category 23,Group 20,0.381,1,0,Medium
INC0034150,3 - Moderate,Category 46,Group 55,0.38,1,0,Medium
INC0032292,3 - Moderate,Category 46,Group 22,0.38,1,0,Medium
INC0030041,3 - Moderate,Category 46,Group 22,0.38,1,0,Medium
INC0032509,3 - Moderate,Category 46,Group 10,0.38,1,0,Medium
INC0029622,3 - Moderate,Category 24,Group 20,0.38,1,0,Medium
INC0030207,3 - Moderate,Category 42,Group 10,0.38,1,1,Medium
INC0030652,3 - Moderate,Category 24,Group 25,0.38,1,1,Medium
INC0034266,3 - Moderate,Category 23,Group 20,0.38,1,1,Medium
INC0032588,3 - Moderate,Category 46,Group 6,0.379,1,1,Medium
INC0028554,3 - Moderate,Category 34,Group 25,0.379,1,0,Medium
INC0031893,3 - Moderate,Category 57,Group 65,0.379,1,0,Medium
INC0031318,3 - Moderate,Category 46,Group 39,0.379,1,1,Medium
INC0030018,3 - Moderate,Category 23,Group 20,0.379,1,0,Medium
INC0028957,3 - Moderate,Category 23,Group 20,0.379,1,1,Medium
INC0032406,3 - Moderate,Category 57,Group 65,0.379,1,0,Medium
INC0032689,3 - Moderate,Category 23,Group 20,0.379,1,0,Medium
INC0028678,3 - Moderate,Category 23,Group 20,0.379,1,1,Medium
INC0034283,3 - Moderate,Category 23,Group 20,0.379,1,0,Medium
INC0028964,3 - Moderate,Category 23,Group 20,0.379,1,0,Medium
INC0032686,3 - Moderate,Category 23,Group 20,0.379,1,0,Medium
INC0032687,3 - Moderate,Category 23,Group 20,0.379,1,0,Medium
INC0032712,3 - Moderate,Category 57,Group 51,0.378,1,0,Medium
INC0031103,3 - Moderate,Category 57,Group 28,0.378,1,1,Medium
INC0032935,3 - Moderate,Category 57,Group 65,0.378,1,1,Medium
INC0034325,3 - Moderate,Category 23,Group 20,0.378,1,0,Medium
INC0055665,3 - Moderate,Other,Group 33,0.378,1,1,Medium
INC0030222,3 - Moderate,Category 46,Other,0.377,1,0,Medium
INC0029964,3 - Moderate,Category 57,Other,0.377,1,0,Medium
INC0028614,3 - Moderate,Category 19,Group 39,0.377,1,1,Medium
INC0030943,3 - Moderate,Category 57,Other,0.377,1,1,Medium
INC0033862,3 - Moderate,Category 23,Group 20,0.377,1,1,Medium
INC0033394,3 - Moderate,Category 57,Group 65,0.377,1,0,Medium
INC0031386,3 - Moderate,Category 57,Other,0.377,1,0,Medium
INC0030326,3 - Moderate,Category 46,Group 39,0.377,1,0,Medium
INC0028319,3 - Moderate,Category 9,Group 25,0.376,1,0,Medium
INC0031674,3 - Moderate,Category 57,Group 65,0.376,1,1,Medium
INC0031811,3 - Moderate,Category 23,Group 20,0.376,1,1,Medium
INC0030513,3 - Moderate,Category 9,Group 25,0.376,1,0,Medium
INC0030158,3 - Moderate,Category 24,Group 28,0.376,1,0,Medium
INC0031532,3 - Moderate,Category 46,Group 6,0.375,1,0,Medium
INC0032720,3 - Moderate,Category 37,Group 25,0.375,1,0,Medium
INC0032027,3 - Moderate,Category 42,Other,0.375,1,0,Medium
INC0029922,3 - Moderate,Category 46,Group 31,0.375,1,0,Medium
INC0031158,3 - Moderate,Category 57,Group 65,0.375,1,1,Medium
INC0034129,3 - Moderate,Category 46,Group 57,0.375,1,0,Medium
INC0031996,3 - Moderate,Category 9,Group 29,0.374,1,0,Medium
INC0028398,3 - Moderate,Category 23,Group 20,0.374,1,0,Medium
INC0028411,3 - Moderate,Category 57,Group 65,0.374,1,0,Medium
INC0032003,3 - Moderate,Category 61,Group 20,0.374,1,0,Medium
INC0029324,3 - Moderate,Category 57,Group 58,0.374,1,0,Medium
INC0032736,3 - Moderate,Category 8,Other,0.374,1,1,Medium
INC0032339,3 - Moderate,Category 23,Group 20,0.374,1,0,Medium
INC0033791,3 - Moderate,Category 53,Group 76,0.374,1,0,Medium
INC0030707,3 - Moderate,Other,Group 10,0.373,1,0,Medium
INC0031623,3 - Moderate,Category 46,Group 10,0.373,1,0,Medium
INC0113674,3 - Moderate,Category 42,Group 70,0.373,1,0,Medium
INC0030786,3 - Moderate,Category 61,Group 73,0.373,1,1,Medium
INC0115145,3 - Moderate,Other,Group 70,0.373,1,0,Medium
INC0032448,3 - Moderate,Category 57,Group 65,0.373,1,1,Medium
INC0031899,3 - Moderate,Category 53,Other,0.373,1,0,Medium
INC0030895,3 - Moderate,Category 61,Group 73,0.372,1,0,Medium
INC0032478,3 - Moderate,Category 46,Group 55,0.372,1,0,Medium
INC0031302,3 - Moderate,Category 23,Group 20,0.372,1,1,Medium
INC0032856,3 - Moderate,Category 44,Group 5,0.372,1,0,Medium
INC0029959,3 - Moderate,Category 46,Other,0.372,1,1,Medium
INC0028356,3 - Moderate,Category 9,Group 25,0.372,1,0,Medium
INC0033533,3 - Moderate,Category 9,Group 20,0.372,1,0,Medium
INC0103143,3 - Moderate,Other,Group 70,0.372,1,0,Medium
INC0031276,3 - Moderate,Category 53,Group 66,0.372,1,0,Medium
INC0030238,3 - Moderate,Category 57,Group 65,0.372,1,0,Medium
INC0031524,3 - Moderate,Category 46,Group 10,0.371,1,0,Medium
INC0078044,3 - Moderate,Category 45,Group 31,0.371,1,1,Medium
INC0030454,3 - Moderate,Category 46,Group 39,0.371,1,0,Medium
INC0032045,3 - Moderate,Category 7,Other,0.371,1,0,Medium
INC0034331,3 - Moderate,Category 8,Other,0.371,1,0,Medium
INC0034153,3 - Moderate,Category 46,Group 10,0.371,1,0,Medium
INC0100609,3 - Moderate,Category 42,Other,0.371,1,1,Medium
INC0031883,3 - Moderate,Category 53,Other,0.371,1,0,Medium
INC0030461,3 - Moderate,Category 46,Group 39,0.371,1,0,Medium
INC0104572,3 - Moderate,Other,Group 70,0.37,1,1,Medium
INC0032028,3 - Moderate,Category 37,Other,0.37,1,0,Medium
INC0030708,3 - Moderate,Category 24,Group 30,0.369,1,1,Medium
INC0030916,3 - Moderate,Category 46,Group 39,0.368,1,0,Medium
INC0029991,3 - Moderate,Category 53,Group 69,0.368,1,0,Medium
INC0030595,3 - Moderate,Category 57,Group 65,0.368,1,0,Medium
INC0034279,3 - Moderate,Category 17,Group 69,0.368,1,0,Medium
INC0033232,3 - Moderate,Category 46,Group 6,0.367,1,1,Medium
INC0029129,3 - Moderate,Category 19,Group 20,0.367,1,1,Medium
INC0098596,3 - Moderate,Category 42,Group 70,0.367,1,0,Medium
INC0029391,3 - Moderate,Category 37,Other,0.367,1,0,Medium
INC0102715,3 - Moderate,Other,Group 70,0.367,1,0,Medium
INC0028616,3 - Moderate,Category 57,Group 65,0.367,1,0,Medium
INC0034159,3 - Moderate,Category 46,Group 10,0.367,1,0,Medium
INC0040267,3 - Moderate,Other,Group 33,0.366,1,0,Medium
INC0031289,3 - Moderate,Category 42,Group 70,0.366,1,0,Medium
INC0031444,3 - Moderate,Category 24,Group 25,0.366,1,1,Medium
INC0029704,3 - Moderate,Category 61,Group 73,0.366,1,1,Medium
INC0029455,3 - Moderate,Category 34,Group 25,0.366,1,0,Medium
INC0033661,3 - Moderate,Category 53,Group 76,0.366,1,1,Medium
INC0028432,3 - Moderate,Category 23,Group 20,0.366,1,0,Medium
INC0031241,3 - Moderate,Category 9,Group 27,0.366,1,0,Medium
INC0032317,3 - Moderate,Category 23,Group 20,0.366,1,0,Medium
INC0109298,3 - Moderate,Category 42,Group 70,0.366,1,0,Medium
INC0032067,3 - Moderate,Category 46,Group 39,0.366,1,0,Medium
INC0034066,3 - Moderate,Category 23,Group 20,0.366,1,1,Medium
INC0032623,3 - Moderate,Category 9,Group 27,0.365,1,1,Medium
INC0034287,3 - Moderate,Category 61,Group 73,0.365,1,1,Medium
INC0030747,3 - Moderate,Category 23,Group 20,0.365,1,0,Medium
INC0030515,3 - Moderate,Category 53,Other,0.365,1,0,Medium
INC0031316,3 - Moderate,Category 44,Group 5,0.365,1,1,Medium
INC0028874,3 - Moderate,Category 37,Other,0.365,1,1,Medium
INC0077966,3 - Moderate,Category 56,Group 65,0.365,1,0,Medium
INC0032568,3 - Moderate,Category 46,Group 10,0.364,1,1,Medium
INC0032581,3 - Moderate,Category 46,Group 10,0.364,1,1,Medium
INC0031211,3 - Moderate,Category 57,Group 33,0.364,1,1,Medium
INC0102037,3 - Moderate,Category 44,Group 5,0.364,1,0,Medium
INC0032773,3 - Moderate,Category 46,Other,0.364,1,1,Medium
INC0030483,3 - Moderate,Category 44,Group 5,0.364,1,0,Medium
INC0029075,3 - Moderate,Category 57,Group 65,0.364,1,1,Medium
INC0029211,3 - Moderate,Category 24,Group 30,0.364,1,1,Medium
INC0032772,3 - Moderate,Category 46,Other,0.364,1,1,Medium
INC0028648,3 - Moderate,Category 23,Group 20,0.363,1,1,Medium
INC0028791,3 - Moderate,Category 51,Other,0.363,1,1,Medium
INC0031847,3 - Moderate,Category 46,Group 57,0.363,1,0,Medium
INC0032816,3 - Moderate,Category 23,Group 20,0.363,1,0,Medium
INC0108640,3 - Moderate,Category 43,Group 70,0.363,1,1,Medium
INC0031131,3 - Moderate,Category 23,Group 20,0.363,1,1,Medium
INC0030651,3 - Moderate,Category 57,Other,0.362,1,1,Medium
INC0028410,3 - Moderate,Category 53,Group 69,0.362,1,0,Medium
INC0028759,3 - Moderate,Category 57,Group 65,0.362,1,1,Medium
INC0028924,3 - Moderate,Category 61,Group 73,0.361,1,1,Medium
INC0029333,3 - Moderate,Category 46,Group 22,0.361,1,1,Medium
INC0032571,3 - Moderate,Category 53,Group 25,0.361,1,1,Medium
INC0032688,3 - Moderate,Category 57,Group 65,0.361,1,1,Medium
INC0031526,3 - Moderate,Category 46,Group 22,0.361,1,1,Medium
INC0034338,3 - Moderate,Category 9,Group 25,0.36,1,1,Medium
INC0118952,3 - Moderate,Category 42,Group 70,0.36,1,0,Medium
INC0028404,3 - Moderate,Category 53,Group 54,0.36,1,1,Medium
INC0028542,3 - Moderate,Category 23,Group 20,0.36,1,1,Medium
INC0032286,3 - Moderate,Category 23,Group 20,0.36,1,0,Medium
INC0032293,3 - Moderate,Category 23,Group 20,0.36,1,0,Medium
INC0034033,3 - Moderate,Category 51,Group 54,0.36,1,0,Medium
INC0032645,3 - Moderate,Category 42,Group 70,0.36,1,0,Medium
INC0028401,3 - Moderate,Category 53,Group 54,0.36,1,0,Medium
INC0030187,3 - Moderate,Category 53,Other,0.36,1,1,Medium
INC0028787,3 - Moderate,Category 44,Group 5,0.36,1,0,Medium
INC0031643,3 - Moderate,Category 46,Group 33,0.359,1,0,Medium
INC0028753,3 - Moderate,Category 9,Group 29,0.359,1,0,Medium
INC0030457,3 - Moderate,Category 53,Group 25,0.358,1,0,Medium
INC0030521,3 - Moderate,Category 23,Group 20,0.358,1,0,Medium
INC0032738,3 - Moderate,Category 8,Other,0.358,1,1,Medium
INC0032290,3 - Moderate,Category 46,Other,0.358,1,1,Medium
INC0032505,3 - Moderate,Category 42,Group 70,0.358,1,0,Medium
INC0029696,3 - Moderate,Category 46,Group 39,0.358,1,1,Medium
INC0031551,3 - Moderate,Category 46,Group 6,0.358,1,1,Medium
INC0034318,3 - Moderate,Category 44,Group 5,0.357,1,0,Medium
INC0029663,3 - Moderate,Category 19,Other,0.356,1,1,Medium
INC0032857,3 - Moderate,Category 57,Group 65,0.356,1,0,Medium
INC0033144,3 - Moderate,Category 23,Group 20,0.356,1,0,Medium
INC0034221,3 - Moderate,Category 53,Other,0.356,1,1,Medium
INC0033857,3 - Moderate,Category 46,Group 22,0.356,1,0,Medium
INC0032479,3 - Moderate,Category 19,Other,0.356,1,0,Medium
INC0030510,3 - Moderate,Category 9,Group 25,0.356,1,0,Medium
INC0032577,3 - Moderate,Category 46,Group 22,0.356,1,0,Medium
INC0028896,3 - Moderate,Category 53,Group 25,0.356,1,0,Medium
INC0028660,3 - Moderate,Category 46,Group 39,0.356,1,0,Medium
INC0028412,3 - Moderate,Category 42,Group 10,0.355,1,1,Medium
INC0030376,3 - Moderate,Category 34,Group 69,0.355,1,1,Medium
INC0029094,3 - Moderate,Category 53,Other,0.355,1,0,Medium
INC0034025,3 - Moderate,Category 57,Other,0.355,1,0,Medium
INC0106579,3 - Moderate,Category 45,Group 70,0.355,1,1,Medium
INC0029290,3 - Moderate,Category 57,Group 58,0.355,1,0,Medium
INC0031828,3 - Moderate,Category 53,Other,0.355,1,0,Medium
INC0031789,3 - Moderate,Category 46,Group 22,0.355,1,0,Medium
INC0033888,3 - Moderate,Category 23,Group 20,0.354,1,0,Medium
INC0030292,3 - Moderate,Category 57,Group 65,0.354,1,0,Medium
INC0032853,3 - Moderate,Category 53,Group 25,0.354,1,1,Medium
INC0032815,3 - Moderate,Category 9,Group 28,0.354,1,1,Medium
INC0030208,3 - Moderate,Category 9,Group 29,0.354,1,0,Medium
INC0030213,3 - Moderate,Category 9,Group 29,0.354,1,0,Medium
INC0030040,3 - Moderate,Category 46,Group 31,0.354,1,0,Medium
INC0030212,3 - Moderate,Category 9,Group 29,0.354,1,0,Medium
INC0031595,3 - Moderate,Category 46,Group 22,0.354,1,1,Medium
INC0031555,3 - Moderate,Category 46,Group 10,0.354,1,0,Medium
INC0030275,3 - Moderate,Category 57,Group 65,0.354,1,0,Medium
INC0030318,3 - Moderate,Category 53,Group 25,0.354,1,1,Medium
INC0048349,3 - Moderate,Category 42,Other,0.354,1,0,Medium
INC0032309,3 - Moderate,Category 61,Group 25,0.354,1,1,Medium
INC0031057,3 - Moderate,Category 19,Group 25,0.354,1,0,Medium
INC0028517,3 - Moderate,Category 61,Group 73,0.353,1,1,Medium
INC0030573,3 - Moderate,Category 57,Group 65,0.353,1,0,Medium
INC0032876,3 - Moderate,Category 53,Group 69,0.353,1,0,Medium
INC0030962,3 - Moderate,Category 53,Group 25,0.353,1,0,Medium
INC0032312,3 - Moderate,Category 46,Group 6,0.353,1,1,Medium
INC0029294,3 - Moderate,Category 26,Group 70,0.353,1,0,Medium
INC0033599,3 - Moderate,Category 23,Group 20,0.353,1,0,Medium
INC0032725,3 - Moderate,Category 44,Group 5,0.352,1,1,Medium
INC0032215,3 - Moderate,Category 23,Group 20,0.352,1,1,Medium
INC0034324,3 - Moderate,Category 9,Group 25,0.352,1,0,Medium
INC0033974,3 - Moderate,Category 9,Group 25,0.351,1,1,Medium
INC0030607,3 - Moderate,Category 57,Group 65,0.351,1,1,Medium
INC0033372,3 - Moderate,Category 37,Group 55,0.351,1,0,Medium
INC0034131,3 - Moderate,Category 44,Group 5,0.351,1,0,Medium
INC0028351,3 - Moderate,Category 9,Group 25,0.351,1,0,Medium
INC0032451,3 - Moderate,Category 53,Other,0.351,1,1,Medium
INC0031564,3 - Moderate,Category 23,Group 20,0.351,1,0,Medium
INC0033418,3 - Moderate,Category 53,Group 76,0.351,1,0,Medium
INC0032769,3 - Moderate,Category 57,Group 65,0.35,1,0,Medium
INC0031485,3 - Moderate,Category 28,Other,0.35,1,1,Medium
INC0030076,3 - Moderate,Category 57,Group 65,0.35,1,0,Medium
INC0029138,3 - Moderate,Category 57,Group 65,0.35,1,1,Medium
INC0030648,3 - Moderate,Category 37,Other,0.35,1,0,Medium
INC0032604,3 - Moderate,Category 61,Group 73,0.35,1,1,Medium
INC0028750,3 - Moderate,Category 37,Group 29,0.35,1,1,Medium
INC0031515,3 - Moderate,Category 42,Group 55,0.35,1,0,Medium
INC0033016,3 - Moderate,Category 61,Group 73,0.35,1,0,Medium
INC0030582,3 - Moderate,Category 57,Group 65,0.35,1,1,Medium
INC0033162,3 - Moderate,Category 23,Group 20,0.349,1,1,Medium
INC0031195,3 - Moderate,Category 19,Other,0.349,1,0,Medium
INC0030675,3 - Moderate,Category 23,Group 20,0.349,1,1,Medium
INC0031744,3 - Moderate,Category 57,Group 58,0.348,1,0,Medium
INC0031523,3 - Moderate,Category 42,Group 10,0.348,1,1,Medium
INC0032401,3 - Moderate,Category 57,Group 65,0.348,1,1,Medium
INC0031163,3 - Moderate,Category 44,Group 5,0.348,1,1,Medium
INC0032155,3 - Moderate,Category 46,Group 22,0.348,1,0,Medium
INC0116746,3 - Moderate,Category 56,Group 25,0.348,1,0,Medium
INC0032439,3 - Moderate,Category 57,Group 51,0.348,1,0,Medium
INC0032185,3 - Moderate,Category 53,Group 20,0.347,1,1,Medium
INC0030243,3 - Moderate,Category 46,Group 10,0.347,1,0,Medium
INC0028956,3 - Moderate,Category 53,Group 25,0.347,1,0,Medium
INC0033766,3 - Moderate,Category 46,Group 22,0.347,1,0,Medium
INC0033808,3 - Moderate,Category 46,Group 6,0.347,1,0,Medium
INC0033751,3 - Moderate,Category 57,Group 65,0.347,1,1,Medium
INC0034308,3 - Moderate,Category 57,Group 65,0.347,1,0,Medium
INC0031361,3 - Moderate,Category 53,Group 76,0.347,1,0,Medium
INC0032368,3 - Moderate,Category 37,Group 25,0.347,1,1,Medium
INC0031582,3 - Moderate,Category 53,Group 29,0.346,1,0,Medium
INC0029724,3 - Moderate,Category 57,Group 33,0.346,1,1,Medium
INC0028352,3 - Moderate,Category 57,Group 25,0.346,1,1,Medium
INC0032593,3 - Moderate,Category 44,Group 5,0.346,1,1,Medium
INC0028803,3 - Moderate,Category 23,Group 20,0.346,1,0,Medium
INC0028805,3 - Moderate,Category 23,Group 20,0.346,1,0,Medium
INC0030641,3 - Moderate,Category 9,Group 25,0.346,1,0,Medium
INC0028806,3 - Moderate,Category 23,Group 20,0.346,1,0,Medium
INC0029846,3 - Moderate,Category 53,Group 20,0.346,1,0,Medium
INC0032138,3 - Moderate,Category 57,Group 65,0.346,1,0,Medium
INC0031958,3 - Moderate,Category 46,Group 22,0.345,1,1,Medium
INC0030283,3 - Moderate,Category 23,Group 20,0.344,1,1,Medium
INC0118747,3 - Moderate,Category 42,Group 70,0.344,1,0,Medium
INC0034299,3 - Moderate,Category 53,Group 28,0.344,1,0,Medium
INC0032216,3 - Moderate,Category 46,Group 22,0.344,1,0,Medium
INC0033855,3 - Moderate,Category 23,Group 20,0.344,1,1,Medium
INC0030293,3 - Moderate,Category 23,Group 20,0.344,1,1,Medium
INC0032511,3 - Moderate,Category 53,Group 25,0.344,1,0,Medium
INC0030491,3 - Moderate,Category 42,Group 39,0.344,1,0,Medium
INC0030570,3 - Moderate,Category 57,Group 65,0.344,1,0,Medium
INC0031231,3 - Moderate,Category 46,Group 55,0.343,1,0,Medium
INC0031473,3 - Moderate,Category 34,Group 28,0.343,1,0,Medium
INC0028495,3 - Moderate,Category 57,Group 65,0.343,1,1,Medium
INC0029179,3 - Moderate,Category 57,Group 29,0.343,1,0,Medium
INC0096017,3 - Moderate,Category 56,Group 65,0.343,1,0,Medium
INC0030703,3 - Moderate,Category 57,Group 65,0.343,1,0,Medium
INC0029144,3 - Moderate,Category 53,Group 51,0.343,1,0,Medium
INC0030663,3 - Moderate,Category 9,Group 25,0.343,1,1,Medium
INC0032114,3 - Moderate,Category 42,Other,0.343,1,1,Medium
INC0033724,3 - Moderate,Category 46,Group 33,0.343,1,1,Medium
INC0032599,3 - Moderate,Category 51,Group 20,0.343,1,1,Medium
INC0034294,3 - Moderate,Category 42,Group 70,0.342,1,1,Medium
INC0031776,3 - Moderate,Category 61,Group 73,0.342,1,1,Medium
INC0032206,3 - Moderate,Category 57,Group 65,0.342,1,0,Medium
INC0028913,3 - Moderate,Category 61,Group 73,0.342,1,1,Medium
INC0029215,3 - Moderate,Category 24,Other,0.342,1,0,Medium
INC0028314,3 - Moderate,Category 61,Group 73,0.342,1,0,Medium
INC0044690,3 - Moderate,Category 42,Group 55,0.342,1,0,Medium
INC0030245,3 - Moderate,Category 23,Group 20,0.342,1,1,Medium
INC0052223,3 - Moderate,Category 45,Other,0.341,1,0,Medium
INC0052225,3 - Moderate,Category 45,Other,0.341,1,1,Medium
INC0033943,3 - Moderate,Category 23,Group 20,0.341,1,0,Medium
INC0113694,3 - Moderate,Other,Group 70,0.341,1,0,Medium
INC0031109,3 - Moderate,Category 23,Group 20,0.341,1,0,Medium
INC0031521,3 - Moderate,Category 53,Other,0.341,1,0,Medium
INC0032864,3 - Moderate,Category 23,Group 20,0.341,1,1,Medium
INC0033323,3 - Moderate,Category 46,Group 22,0.341,1,0,Medium
INC0030531,3 - Moderate,Category 57,Group 51,0.341,1,0,Medium
INC0031545,3 - Moderate,Category 53,Group 28,0.341,1,0,Medium
INC0029492,3 - Moderate,Category 57,Group 65,0.341,1,0,Medium
INC0031062,3 - Moderate,Category 23,Group 20,0.341,1,0,Medium
INC0029392,3 - Moderate,Category 43,Other,0.34,1,1,Medium
INC0033433,3 - Moderate,Category 23,Group 20,0.34,1,1,Medium
INC0028892,3 - Moderate,Category 46,Group 39,0.339,1,0,Medium
INC0032506,3 - Moderate,Category 19,Group 72,0.339,1,0,Medium
INC0033877,3 - Moderate,Category 57,Group 28,0.339,1,0,Medium
INC0033933,3 - Moderate,Category 23,Group 20,0.339,1,1,Medium
INC0034277,3 - Moderate,Category 53,Group 25,0.339,1,1,Medium
INC0032737,3 - Moderate,Category 23,Group 20,0.338,1,1,Medium
INC0118678,3 - Moderate,Other,Group 70,0.338,1,0,Medium
INC0031977,3 - Moderate,Category 53,Other,0.338,1,0,Medium
INC0028530,3 - Moderate,Category 46,Group 6,0.338,1,0,Medium
INC0098681,3 - Moderate,Category 45,Group 31,0.338,1,0,Medium
INC0033153,3 - Moderate,Category 53,Other,0.338,1,0,Medium
INC0030258,3 - Moderate,Category 57,Group 58,0.337,1,1,Medium
INC0029289,3 - Moderate,Category 53,Group 28,0.337,1,0,Medium
INC0034152,3 - Moderate,Category 42,Group 39,0.337,1,0,Medium
INC0029296,3 - Moderate,Category 53,Group 28,0.337,1,0,Medium
INC0031331,3 - Moderate,Category 19,Group 25,0.337,1,0,Medium
INC0030044,3 - Moderate,Category 44,Group 5,0.337,1,0,Medium
INC0032437,3 - Moderate,Category 9,Group 25,0.337,1,1,Medium
INC0032633,3 - Moderate,Category 23,Group 20,0.336,1,1,Medium
INC0032828,3 - Moderate,Category 44,Group 5,0.336,1,0,Medium
INC0033319,3 - Moderate,Category 46,Group 10,0.336,1,0,Medium
INC0029390,3 - Moderate,Category 53,Group 66,0.336,1,1,Medium
INC0030704,3 - Moderate,Category 23,Group 20,0.336,1,1,Medium
INC0033779,3 - Moderate,Category 42,Group 10,0.336,1,0,Medium
INC0028746,3 - Moderate,Category 24,Group 30,0.336,1,0,Medium
INC0033670,3 - Moderate,Category 53,Group 51,0.335,1,1,Medium
INC0029572,3 - Moderate,Category 24,Group 28,0.335,1,0,Medium
INC0034315,3 - Moderate,Category 23,Group 20,0.335,1,1,Medium
INC0032626,3 - Moderate,Category 44,Group 5,0.335,1,0,Medium
INC0030260,3 - Moderate,Category 9,Group 29,0.334,1,0,Medium
INC0031606,3 - Moderate,Category 42,Group 55,0.334,1,0,Medium
INC0032629,3 - Moderate,Category 9,Group 28,0.334,1,0,Medium
INC0034309,3 - Moderate,Category 57,Other,0.334,1,0,Medium
INC0096025,3 - Moderate,Category 56,Group 65,0.334,1,0,Medium
INC0031147,3 - Moderate,Category 57,Other,0.334,1,0,Medium
INC0032025,3 - Moderate,Category 37,Other,0.334,1,0,Medium
INC0047485,3 - Moderate,Category 45,Other,0.333,1,1,Medium
INC0033729,3 - Moderate,Category 53,Group 25,0.333,1,1,Medium
INC0029221,3 - Moderate,Category 44,Group 5,0.333,1,1,Medium
INC0030221,3 - Moderate,Category 51,Group 55,0.332,1,0,Medium
INC0030162,3 - Moderate,Category 46,Group 39,0.332,1,0,Medium
INC0033879,3 - Moderate,Category 23,Group 20,0.332,1,0,Medium
INC0032197,3 - Moderate,Category 9,Group 25,0.332,1,1,Medium
INC0028482,3 - Moderate,Category 57,Group 58,0.332,1,1,Medium
INC0032347,3 - Moderate,Category 57,Group 65,0.332,1,1,Medium
INC0029097,3 - Moderate,Category 46,Group 33,0.332,1,0,Medium
INC0029109,3 - Moderate,Category 37,Group 29,0.332,1,1,Medium
INC0033690,3 - Moderate,Category 57,Group 54,0.331,1,0,Medium
INC0030734,3 - Moderate,Category 46,Group 39,0.331,1,0,Medium
INC0032572,3 - Moderate,Category 61,Group 25,0.331,1,0,Medium
INC0032598,3 - Moderate,Category 23,Group 20,0.331,1,0,Medium
INC0112734,3 - Moderate,Category 56,Group 65,0.331,1,0,Medium
INC0028814,3 - Moderate,Category 37,Other,0.33,1,0,Medium
INC0069866,3 - Moderate,Other,Group 20,0.33,1,0,Medium
INC0030772,3 - Moderate,Category 53,Group 51,0.33,1,0,Medium
INC0031257,3 - Moderate,Category 57,Group 58,0.33,1,0,Medium
INC0034270,3 - Moderate,Category 9,Group 25,0.329,1,1,Medium
INC0032338,3 - Moderate,Category 51,Group 54,0.329,1,0,Medium
INC0033601,3 - Moderate,Category 53,Group 54,0.329,1,0,Medium
INC0030390,3 - Moderate,Category 42,Group 39,0.329,1,0,Medium
INC0030458,3 - Moderate,Category 37,Group 46,0.329,1,0,Medium
INC0032341,3 - Moderate,Category 51,Group 54,0.329,1,0,Medium
INC0028808,3 - Moderate,Category 53,Group 69,0.329,1,1,Medium
INC0031620,3 - Moderate,Category 9,Group 28,0.329,1,1,Medium
INC0033932,3 - Moderate,Category 61,Group 73,0.328,1,0,Medium
INC0028634,3 - Moderate,Category 44,Group 5,0.328,1,1,Medium
INC0034040,3 - Moderate,Category 57,Group 65,0.328,1,0,Medium
INC0033181,3 - Moderate,Category 46,Group 22,0.328,1,1,Medium
INC0033587,3 - Moderate,Category 57,Group 65,0.328,1,0,Medium
INC0031534,3 - Moderate,Category 57,Group 65,0.328,1,0,Medium
INC0031528,3 - Moderate,Category 57,Group 65,0.328,1,0,Medium
INC0031290,3 - Moderate,Category 46,Group 39,0.327,1,0,Medium
INC0033332,3 - Moderate,Category 19,Group 58,0.327,1,1,Medium
INC0032213,3 - Moderate,Category 61,Group 73,0.327,1,0,Medium
INC0032186,3 - Moderate,Category 43,Group 22,0.327,1,1,Medium
INC0028843,3 - Moderate,Category 61,Group 73,0.327,1,1,Medium
INC0029208,3 - Moderate,Category 57,Group 65,0.327,1,0,Medium
INC0032211,3 - Moderate,Category 37,Group 25,0.327,1,1,Medium
INC0032374,3 - Moderate,Category 23,Group 20,0.326,1,0,Medium
INC0030134,3 - Moderate,Category 23,Group 20,0.326,1,1,Medium
INC0030160,3 - Moderate,Category 61,Other,0.326,1,0,Medium
INC0033129,3 - Moderate,Category 44,Group 5,0.326,1,1,Medium
INC0033806,3 - Moderate,Category 9,Group 25,0.326,1,1,Medium
INC0031157,3 - Moderate,Category 23,Group 20,0.326,1,0,Medium
INC0032533,3 - Moderate,Category 57,Group 65,0.325,1,0,Medium
INC0032730,3 - Moderate,Category 9,Group 28,0.325,1,1,Medium
INC0033813,3 - Moderate,Category 23,Group 20,0.324,1,0,Medium
INC0033592,3 - Moderate,Category 23,Group 20,0.324,1,0,Medium
INC0108046,3 - Moderate,Other,Group 54,0.324,1,0,Medium
INC0033177,3 - Moderate,Category 46,Group 57,0.324,1,1,Medium
INC0031963,3 - Moderate,Category 53,Group 20,0.324,1,0,Medium
INC0034398,3 - Moderate,Category 37,Other,0.324,1,0,Medium
INC0032554,3 - Moderate,Category 34,Group 27,0.324,1,1,Medium
INC0033272,3 - Moderate,Category 57,Group 65,0.324,1,0,Medium
INC0032791,3 - Moderate,Category 23,Group 20,0.323,1,1,Medium
INC0030563,3 - Moderate,Category 9,Group 25,0.323,1,0,Medium
INC0029941,3 - Moderate,Category 9,Group 28,0.323,1,1,Medium
INC0032469,3 - Moderate,Category 34,Group 20,0.323,1,0,Medium
INC0030082,3 - Moderate,Category 9,Group 25,0.322,1,1,Medium
INC0032549,3 - Moderate,Category 42,Group 39,0.322,1,0,Medium
INC0114499,3 - Moderate,Other,Group 70,0.322,1,0,Medium
INC0030136,3 - Moderate,Category 9,Group 25,0.322,1,1,Medium
INC0028898,3 - Moderate,Category 53,Group 25,0.321,1,0,Medium
INC0098346,3 - Moderate,Category 42,Group 70,0.321,1,0,Medium
INC0028907,3 - Moderate,Category 44,Group 5,0.321,1,0,Medium
INC0030059,3 - Moderate,Category 57,Group 65,0.321,1,0,Medium
INC0028775,3 - Moderate,Category 9,Group 27,0.321,1,1,Medium
INC0112706,3 - Moderate,Category 42,Group 70,0.32,1,0,Medium
INC0029400,3 - Moderate,Category 43,Group 22,0.32,1,1,Medium
INC0046593,3 - Moderate,Other,Other,0.32,1,0,Medium
INC0028729,3 - Moderate,Category 57,Group 58,0.32,1,0,Medium
INC0032287,3 - Moderate,Category 19,Group 24,0.32,1,1,Medium
INC0030886,3 - Moderate,Category 53,Group 51,0.32,1,0,Medium
INC0032063,3 - Moderate,Category 57,Group 65,0.32,1,0,Medium
INC0030480,3 - Moderate,Category 53,Other,0.32,1,1,Medium
INC0029878,3 - Moderate,Category 34,Group 27,0.32,1,0,Medium
INC0029914,3 - Moderate,Category 53,Other,0.32,1,1,Medium
INC0028965,3 - Moderate,Category 37,Group 25,0.32,1,0,Medium
INC0028779,3 - Moderate,Category 37,Other,0.319,1,1,Medium
INC0069401,3 - Moderate,Category 45,Group 22,0.319,1,0,Medium
INC0029114,3 - Moderate,Category 9,Group 29,0.319,1,0,Medium
INC0033508,3 - Moderate,Category 53,Other,0.318,1,0,Medium
INC0033703,3 - Moderate,Category 46,Other,0.318,1,1,Medium
INC0028984,3 - Moderate,Category 57,Group 65,0.318,1,0,Medium
INC0033675,3 - Moderate,Category 61,Group 73,0.318,1,0,Medium
INC0033180,3 - Moderate,Category 57,Group 65,0.318,1,1,Medium
INC0031438,3 - Moderate,Category 19,Group 72,0.318,1,1,Medium
INC0032462,3 - Moderate,Category 9,Group 25,0.318,1,1,Medium
INC0032635,3 - Moderate,Category 53,Group 25,0.318,1,1,Medium
INC0032907,3 - Moderate,Category 37,Other,0.318,1,0,Medium
INC0030625,3 - Moderate,Category 23,Group 20,0.318,1,1,Medium
INC0030888,3 - Moderate,Category 44,Group 5,0.318,1,0,Medium
INC0028393,3 - Moderate,Category 61,Group 73,0.317,1,0,Medium
INC0031927,3 - Moderate,Category 23,Group 20,0.317,1,0,Medium
INC0033957,3 - Moderate,Category 61,Group 73,0.317,1,1,Medium
INC0033993,3 - Moderate,Category 42,Group 55,0.317,1,0,Medium
INC0029886,3 - Moderate,Category 40,Group 69,0.317,1,1,Medium
INC0030655,3 - Moderate,Category 23,Group 20,0.317,1,1,Medium
INC0028752,3 - Moderate,Category 61,Group 73,0.317,1,0,Medium
INC0032134,3 - Moderate,Category 23,Group 20,0.316,1,1,Medium
INC0032685,3 - Moderate,Category 19,Group 28,0.316,1,1,Medium
INC0033558,3 - Moderate,Category 57,Group 65,0.316,1,1,Medium
INC0029408,3 - Moderate,Category 44,Group 5,0.316,1,1,Medium
INC0031352,3 - Moderate,Category 8,Other,0.316,1,1,Medium
INC0031813,3 - Moderate,Category 40,Group 70,0.315,1,0,Medium
INC0031233,3 - Moderate,Category 43,Group 22,0.315,1,1,Medium
INC0031334,3 - Moderate,Category 53,Group 25,0.315,1,0,Medium
INC0032333,3 - Moderate,Category 61,Group 73,0.315,1,0,Medium
INC0031452,3 - Moderate,Category 9,Group 25,0.315,1,0,Medium
INC0029614,3 - Moderate,Category 24,Group 25,0.315,1,0,Medium
INC0030723,3 - Moderate,Category 57,Group 58,0.315,1,1,Medium
INC0031503,3 - Moderate,Category 51,Group 54,0.315,1,1,Medium
INC0029527,3 - Moderate,Category 46,Other,0.314,1,0,Medium
INC0032172,3 - Moderate,Category 44,Group 5,0.314,1,0,Medium
INC0031989,3 - Moderate,Category 24,Group 25,0.314,1,0,Medium
INC0030568,3 - Moderate,Category 57,Group 65,0.314,1,0,Medium
INC0030189,3 - Moderate,Category 23,Group 20,0.314,1,0,Medium
INC0033313,3 - Moderate,Category 53,Group 66,0.314,1,0,Medium
INC0030219,3 - Moderate,Category 57,Group 65,0.314,1,0,Medium
INC0110558,3 - Moderate,Other,Group 70,0.314,1,0,Medium
INC0031587,3 - Moderate,Category 57,Group 65,0.314,1,0,Medium
INC0033701,3 - Moderate,Category 57,Group 65,0.313,1,1,Medium
INC0031731,3 - Moderate,Category 53,Other,0.313,1,0,Medium
INC0031265,3 - Moderate,Category 53,Group 25,0.313,1,1,Medium
INC0028435,3 - Moderate,Category 42,Group 70,0.313,1,0,Medium
INC0030504,3 - Moderate,Category 23,Group 20,0.313,1,1,Medium
INC0030554,3 - Moderate,Category 53,Other,0.312,1,0,Medium
INC0032210,3 - Moderate,Category 37,Group 46,0.312,1,0,Medium
INC0029300,3 - Moderate,Category 61,Group 73,0.312,1,0,Medium
INC0032534,3 - Moderate,Category 23,Group 20,0.312,1,1,Medium
INC0031550,3 - Moderate,Category 23,Group 20,0.312,1,0,Medium
INC0033650,3 - Moderate,Category 34,Group 25,0.312,1,0,Medium
INC0031486,3 - Moderate,Category 23,Group 20,0.311,1,0,Medium
INC0033646,3 - Moderate,Category 61,Group 73,0.311,1,1,Medium
INC0030408,3 - Moderate,Category 42,Group 70,0.311,1,0,Medium
INC0029093,3 - Moderate,Category 57,Group 65,0.311,1,0,Medium
INC0033940,3 - Moderate,Category 53,Group 28,0.311,1,0,Medium
INC0030765,3 - Moderate,Category 61,Group 73,0.31,1,0,Medium
INC0029983,3 - Moderate,Category 53,Group 28,0.31,1,0,Medium
INC0029957,3 - Moderate,Category 44,Group 5,0.31,1,0,Medium
INC0031625,3 - Moderate,Category 23,Group 20,0.31,1,0,Medium
INC0030352,3 - Moderate,Category 57,Group 65,0.31,1,0,Medium
INC0032619,3 - Moderate,Category 23,Group 20,0.31,1,0,Medium
INC0032256,3 - Moderate,Category 44,Group 5,0.31,1,0,Medium
INC0032841,3 - Moderate,Category 23,Group 20,0.31,1,1,Medium
INC0032313,3 - Moderate,Category 53,Group 25,0.309,1,0,Medium
INC0032834,3 - Moderate,Category 9,Group 25,0.309,1,1,Medium
INC0033242,3 - Moderate,Category 53,Group 76,0.309,1,0,Medium
INC0032310,3 - Moderate,Category 53,Group 25,0.309,1,0,Medium
INC0031463,3 - Moderate,Category 23,Group 20,0.309,1,0,Medium
INC0033198,3 - Moderate,Category 23,Group 20,0.308,1,0,Medium
INC0031492,3 - Moderate,Category 37,Other,0.308,1,0,Medium
INC0033605,3 - Moderate,Category 23,Group 20,0.308,1,0,Medium
INC0029180,3 - Moderate,Category 53,Other,0.308,1,0,Medium
INC0029050,3 - Moderate,Category 23,Group 20,0.308,1,0,Medium
INC0032177,3 - Moderate,Category 42,Other,0.308,1,1,Medium
INC0028730,3 - Moderate,Category 23,Group 20,0.307,1,1,Medium
INC0033665,3 - Moderate,Category 53,Group 51,0.307,1,1,Medium
INC0030313,3 - Moderate,Category 43,Group 22,0.307,1,1,Medium
INC0034390,3 - Moderate,Category 32,Group 70,0.307,1,0,Medium
INC0030209,3 - Moderate,Category 44,Group 5,0.307,1,0,Medium
INC0030771,3 - Moderate,Category 61,Group 73,0.307,1,0,Medium
INC0034151,3 - Moderate,Category 53,Other,0.307,1,0,Medium
INC0029447,3 - Moderate,Category 9,Group 28,0.307,1,0,Medium
INC0033711,3 - Moderate,Category 9,Group 25,0.306,1,1,Medium
INC0101875,3 - Moderate,Category 56,Group 65,0.306,1,0,Medium
INC0030718,3 - Moderate,Category 57,Other,0.306,1,0,Medium
INC0034288,3 - Moderate,Category 61,Group 73,0.305,1,0,Medium
INC0034019,3 - Moderate,Category 61,Group 73,0.305,1,0,Medium
INC0055441,3 - Moderate,Category 43,Group 22,0.305,1,1,Medium
INC0033700,3 - Moderate,Category 40,Group 70,0.305,1,0,Medium
INC0029146,3 - Moderate,Category 23,Group 20,0.305,1,0,Medium
INC0029335,3 - Moderate,Category 44,Group 5,0.305,1,0,Medium
INC0029913,3 - Moderate,Category 46,Other,0.305,1,1,Medium
INC0028524,3 - Moderate,Category 53,Other,0.304,1,1,Medium
INC0102970,3 - Moderate,Other,Group 70,0.304,1,0,Medium
INC0033024,3 - Moderate,Category 40,Group 70,0.304,1,1,Medium
INC0102978,3 - Moderate,Other,Group 70,0.304,1,0,Medium
INC0029986,3 - Moderate,Category 26,Group 70,0.304,1,0,Medium
INC0029955,3 - Moderate,Category 57,Group 58,0.304,1,1,Medium
INC0031295,3 - Moderate,Category 61,Group 73,0.303,1,0,Medium
INC0032248,3 - Moderate,Category 53,Other,0.303,1,0,Medium
INC0032748,3 - Moderate,Category 23,Group 20,0.303,1,1,Medium
INC0108440,3 - Moderate,Category 56,Group 70,0.303,1,1,Medium
INC0106443,3 - Moderate,Other,Group 66,0.303,1,0,Medium
INC0031133,3 - Moderate,Category 43,Group 22,0.303,1,0,Medium
INC0034281,3 - Moderate,Category 37,Group 46,0.303,1,0,Medium
INC0029199,3 - Moderate,Category 40,Group 70,0.303,1,0,Medium
INC0033955,3 - Moderate,Category 44,Group 5,0.303,1,0,Medium
INC0033254,3 - Moderate,Category 57,Group 65,0.302,1,0,Medium
INC0113256,3 - Moderate,Other,Group 70,0.302,1,0,Medium
INC0028658,3 - Moderate,Category 44,Group 5,0.302,1,1,Medium
INC0032169,3 - Moderate,Category 61,Group 73,0.302,1,0,Medium
INC0029364,3 - Moderate,Category 61,Group 73,0.302,1,0,Medium
INC0032642,3 - Moderate,Category 46,Group 39,0.302,1,0,Medium
INC0102711,3 - Moderate,Other,Group 70,0.301,1,0,Medium
INC0030691,3 - Moderate,Category 40,Group 70,0.301,1,0,Medium
INC0029919,3 - Moderate,Category 46,Group 39,0.301,1,1,Medium
INC0032944,3 - Moderate,Category 53,Group 51,0.301,1,1,Medium
INC0028349,3 - Moderate,Category 37,Other,0.301,1,0,Medium
INC0031412,3 - Moderate,Category 57,Group 51,0.301,1,0,Medium
INC0106104,3 - Moderate,Category 42,Group 70,0.301,1,0,Medium
INC0031590,3 - Moderate,Category 53,Group 25,0.301,1,0,Medium
INC0033375,3 - Moderate,Category 46,Group 66,0.3,1,0,Medium
INC0115553,3 - Moderate,Category 56,Group 70,0.3,1,0,Medium
INC0031336,3 - Moderate,Category 44,Group 5,0.3,1,0,Medium
INC0033182,3 - Moderate,Category 23,Group 20,0.3,1,0,Medium
INC0029609,3 - Moderate,Category 23,Group 20,0.3,1,0,Medium
INC0030011,3 - Moderate,Category 61,Other,0.3,1,1,Medium
INC0030070,3 - Moderate,Category 23,Group 20,0.3,1,1,Medium
INC0032157,3 - Moderate,Category 23,Group 20,0.3,1,0,Medium
INC0030585,3 - Moderate,Category 23,Group 20,0.3,1,0,Medium
INC0033256,3 - Moderate,Category 57,Group 65,0.3,1,0,Medium
INC0030592,3 - Moderate,Category 57,Group 65,0.299,1,1,Medium
INC0030022,3 - Moderate,Category 53,Group 25,0.299,1,0,Medium
INC0029111,3 - Moderate,Category 42,Group 39,0.299,1,0,Medium
INC0031176,3 - Moderate,Category 26,Group 70,0.299,1,0,Medium
INC0028475,3 - Moderate,Category 40,Group 70,0.299,1,0,Medium
INC0031567,3 - Moderate,Category 19,Other,0.299,1,1,Medium
INC0034029,3 - Moderate,Category 42,Group 10,0.299,1,1,Medium
INC0029797,3 - Moderate,Category 46,Group 10,0.298,1,1,Medium
INC0034127,3 - Moderate,Category 61,Group 20,0.298,1,0,Medium
INC0030666,3 - Moderate,Category 61,Group 73,0.298,1,1,Medium
INC0030674,3 - Moderate,Category 61,Group 73,0.298,1,0,Medium
INC0033819,3 - Moderate,Category 23,Group 20,0.297,1,1,Medium
INC0031333,3 - Moderate,Category 61,Group 73,0.297,1,0,Medium
INC0103733,3 - Moderate,Other,Group 70,0.297,1,0,Medium
INC0029197,3 - Moderate,Category 57,Group 65,0.297,1,0,Medium
INC0031896,3 - Moderate,Category 46,Other,0.297,1,1,Medium
INC0032826,3 - Moderate,Category 61,Group 73,0.297,1,0,Medium
INC0028826,3 - Moderate,Category 46,Group 39,0.297,1,0,Medium
INC0033965,3 - Moderate,Category 23,Group 20,0.297,1,0,Medium
INC0029274,3 - Moderate,Category 23,Group 20,0.297,1,0,Medium
INC0028659,3 - Moderate,Category 46,Group 39,0.297,1,0,Medium
INC0028649,3 - Moderate,Category 46,Group 39,0.297,1,0,Medium
INC0030142,3 - Moderate,Category 9,Group 25,0.297,1,0,Medium
INC0031464,3 - Moderate,Category 44,Group 5,0.297,1,0,Medium
INC0044988,3 - Moderate,Other,Other,0.296,1,0,Medium
INC0028311,3 - Moderate,Category 9,Group 27,0.296,1,0,Medium
INC0031330,3 - Moderate,Category 53,Other,0.296,1,0,Medium
INC0028972,3 - Moderate,Category 37,Group 25,0.296,1,0,Medium
INC0033513,3 - Moderate,Category 53,Other,0.295,1,0,Medium
INC0031262,3 - Moderate,Category 26,Group 70,0.295,1,0,Medium
INC0033588,3 - Moderate,Category 23,Group 20,0.295,1,0,Medium
INC0030866,3 - Moderate,Category 9,Group 27,0.295,1,0,Medium
INC0115504,3 - Moderate,Category 56,Group 65,0.295,1,0,Medium
INC0028403,3 - Moderate,Category 42,Other,0.294,1,1,Medium
INC0028329,3 - Moderate,Category 57,Other,0.294,1,0,Medium
INC0032273,3 - Moderate,Category 32,Group 70,0.294,1,0,Medium
INC0033382,3 - Moderate,Category 9,Group 28,0.294,1,0,Medium
INC0115839,3 - Moderate,Other,Group 70,0.294,1,0,Medium
INC0032972,3 - Moderate,Category 26,Group 70,0.294,1,0,Medium
INC0033523,3 - Moderate,Category 23,Group 20,0.294,1,0,Medium
INC0032952,3 - Moderate,Category 26,Group 70,0.294,1,0,Medium
INC0029448,3 - Moderate,Category 34,Group 20,0.294,1,0,Medium
INC0032023,3 - Moderate,Category 51,Group 54,0.293,1,0,Medium
INC0032398,3 - Moderate,Category 61,Group 73,0.293,1,0,Medium
INC0031664,3 - Moderate,Category 40,Group 70,0.293,1,0,Medium
INC0031669,3 - Moderate,Category 23,Group 20,0.293,1,0,Medium
INC0031765,3 - Moderate,Category 44,Group 5,0.293,1,1,Medium
INC0034054,3 - Moderate,Category 23,Group 20,0.293,1,0,Medium
INC0029758,3 - Moderate,Category 42,Other,0.293,1,1,Medium
INC0029716,3 - Moderate,Category 57,Group 65,0.292,1,1,Medium
INC0031508,3 - Moderate,Category 23,Group 20,0.292,1,1,Medium
INC0034367,3 - Moderate,Category 57,Group 58,0.292,1,0,Medium
INC0029465,3 - Moderate,Category 53,Group 66,0.292,1,0,Medium
INC0031879,3 - Moderate,Category 53,Other,0.292,1,0,Medium
INC0104649,3 - Moderate,Other,Group 69,0.292,1,1,Medium
INC0029691,3 - Moderate,Category 57,Group 65,0.292,1,0,Medium
INC0032260,3 - Moderate,Category 44,Group 5,0.291,1,0,Medium
INC0031938,3 - Moderate,Category 23,Group 20,0.291,1,0,Medium
INC0030661,3 - Moderate,Category 61,Group 73,0.291,1,0,Medium
INC0030201,3 - Moderate,Category 61,Group 73,0.291,1,1,Medium
INC0033980,3 - Moderate,Category 57,Group 65,0.29,1,1,Medium
INC0106714,3 - Moderate,Other,Group 70,0.29,1,0,Medium
INC0032779,3 - Moderate,Category 23,Group 20,0.29,1,1,Medium
INC0033793,3 - Moderate,Category 61,Group 73,0.29,1,0,Medium
INC0033790,3 - Moderate,Category 61,Group 73,0.29,1,0,Medium
INC0030296,3 - Moderate,Category 53,Group 76,0.289,1,0,Medium
INC0033920,3 - Moderate,Category 57,Group 51,0.289,1,0,Medium
INC0030099,3 - Moderate,Category 23,Group 20,0.289,1,1,Medium
INC0029263,3 - Moderate,Category 23,Group 20,0.289,1,1,Medium
INC0031872,3 - Moderate,Category 46,Group 22,0.289,1,0,Medium
INC0028610,3 - Moderate,Category 57,Group 65,0.289,1,1,Medium
INC0030810,3 - Moderate,Category 37,Other,0.288,1,0,Medium
INC0033302,3 - Moderate,Category 9,Group 29,0.288,1,1,Medium
INC0029186,3 - Moderate,Category 23,Group 20,0.288,1,1,Medium
INC0030009,3 - Moderate,Category 53,Group 51,0.288,1,0,Medium
INC0032466,3 - Moderate,Category 61,Group 73,0.288,1,0,Medium
INC0033568,3 - Moderate,Category 53,Group 25,0.288,1,0,Medium
INC0031387,3 - Moderate,Category 46,Group 22,0.288,1,1,Medium
INC0028706,3 - Moderate,Category 23,Group 20,0.288,1,0,Medium
INC0029923,3 - Moderate,Category 57,Group 58,0.287,1,1,Medium
INC0034333,3 - Moderate,Category 37,Other,0.287,1,0,Medium
INC0029563,3 - Moderate,Category 42,Group 70,0.287,1,0,Medium
INC0033516,3 - Moderate,Category 23,Group 20,0.286,1,1,Medium
INC0028818,3 - Moderate,Category 46,Group 39,0.286,1,1,Medium
INC0028894,3 - Moderate,Category 26,Group 70,0.286,1,0,Medium
INC0030618,3 - Moderate,Category 43,Group 22,0.286,1,0,Medium
INC0033397,3 - Moderate,Category 46,Group 22,0.286,1,0,Medium
INC0033722,3 - Moderate,Category 42,Group 70,0.286,1,0,Medium
INC0029282,3 - Moderate,Category 37,Group 29,0.286,1,1,Medium
INC0031614,3 - Moderate,Category 9,Group 27,0.285,1,0,Medium
INC0066611,3 - Moderate,Other,Other,0.285,1,0,Medium
INC0031978,3 - Moderate,Category 44,Group 5,0.285,1,0,Medium
INC0032136,3 - Moderate,Category 53,Group 25,0.285,1,1,Medium
INC0034223,3 - Moderate,Category 37,Group 46,0.285,1,0,Medium
INC0029417,3 - Moderate,Category 53,Group 51,0.285,1,0,Medium
INC0033264,3 - Moderate,Category 57,Group 65,0.285,1,0,Medium
INC0029014,3 - Moderate,Category 53,Other,0.285,1,0,Medium
INC0031007,3 - Moderate,Category 46,Other,0.284,1,1,Medium
INC0030485,3 - Moderate,Category 40,Group 70,0.284,1,0,Medium
INC0029382,3 - Moderate,Category 61,Group 73,0.284,1,0,Medium
INC0029388,3 - Moderate,Category 24,Group 30,0.283,1,0,Medium
INC0031969,3 - Moderate,Category 57,Other,0.283,1,0,Medium
INC0029244,3 - Moderate,Category 61,Group 73,0.283,1,1,Medium
INC0033792,3 - Moderate,Category 53,Group 54,0.283,1,0,Medium
INC0030177,3 - Moderate,Category 23,Group 20,0.282,1,0,Medium
INC0031393,3 - Moderate,Category 40,Group 70,0.282,1,0,Medium
INC0030598,3 - Moderate,Category 57,Group 65,0.282,1,1,Medium
INC0032000,3 - Moderate,Category 23,Group 20,0.282,1,0,Medium
INC0032565,3 - Moderate,Category 23,Group 20,0.282,1,0,Medium
INC0031350,3 - Moderate,Category 9,Group 25,0.281,1,0,Medium
INC0028675,3 - Moderate,Category 37,Other,0.281,1,0,Medium
INC0029185,3 - Moderate,Category 53,Other,0.281,1,0,Medium
INC0029143,3 - Moderate,Category 23,Group 20,0.281,1,0,Medium
INC0033871,3 - Moderate,Category 61,Group 73,0.281,1,0,Medium
INC0029011,3 - Moderate,Category 42,Group 70,0.281,1,0,Medium
INC0031576,3 - Moderate,Category 23,Group 20,0.28,1,0,Medium
INC0029016,3 - Moderate,Category 53,Other,0.28,1,0,Medium
INC0033299,4 - Low,Category 53,Group 76,0.28,1,0,Medium
INC0030186,3 - Moderate,Category 9,Group 25,0.28,1,0,Medium
INC0053910,3 - Moderate,Other,Group 70,0.28,1,0,Medium
INC0031586,3 - Moderate,Category 23,Group 20,0.28,1,1,Medium
INC0071300,3 - Moderate,Category 56,Other,0.28,1,0,Medium
INC0071288,3 - Moderate,Category 56,Other,0.28,1,0,Medium
INC0115494,3 - Moderate,Other,Group 28,0.279,1,0,Medium
INC0031298,3 - Moderate,Category 53,Group 27,0.279,1,0,Medium
INC0029353,3 - Moderate,Category 53,Group 28,0.279,1,1,Medium
INC0031323,3 - Moderate,Category 61,Group 73,0.279,1,0,Medium
INC0034250,3 - Moderate,Category 61,Group 73,0.279,1,0,Medium
INC0032328,3 - Moderate,Category 32,Group 70,0.279,1,0,Medium
INC0031809,3 - Moderate,Category 57,Group 65,0.279,1,1,Medium
INC0033682,3 - Moderate,Category 19,Other,0.279,1,0,Medium
INC0032371,3 - Moderate,Category 13,Group 70,0.278,1,0,Medium
INC0031159,3 - Moderate,Category 46,Group 22,0.278,1,0,Medium
INC0031773,3 - Moderate,Category 44,Group 5,0.278,1,1,Medium
INC0031391,3 - Moderate,Category 46,Other,0.278,1,1,Medium
INC0033906,3 - Moderate,Category 42,Other,0.277,1,0,Medium
INC0032653,3 - Moderate,Category 9,Group 27,0.277,1,1,Medium
INC0115012,3 - Moderate,Other,Group 70,0.277,1,0,Medium
INC0033000,3 - Moderate,Category 32,Group 70,0.277,1,0,Medium
INC0033983,3 - Moderate,Category 23,Group 20,0.277,1,0,Medium
INC0034242,3 - Moderate,Category 37,Group 46,0.277,1,0,Medium
INC0030322,3 - Moderate,Category 43,Other,0.277,1,0,Medium
INC0029645,3 - Moderate,Category 20,Group 70,0.277,1,0,Medium
INC0030662,3 - Moderate,Category 40,Group 70,0.276,1,1,Medium
INC0030127,3 - Moderate,Category 23,Group 20,0.276,1,1,Medium
INC0033268,3 - Moderate,Category 57,Group 65,0.276,1,0,Medium
INC0029164,3 - Moderate,Category 23,Group 20,0.276,1,0,Medium
INC0030476,3 - Moderate,Category 44,Group 5,0.276,1,0,Medium
INC0028414,3 - Moderate,Category 32,Group 70,0.276,1,1,Medium
INC0033923,3 - Moderate,Category 23,Group 20,0.275,1,0,Medium
INC0030117,3 - Moderate,Category 9,Group 27,0.275,1,0,Medium
INC0032877,3 - Moderate,Category 61,Group 73,0.274,1,1,Medium
INC0033355,3 - Moderate,Category 46,Group 6,0.274,1,0,Medium
INC0032898,3 - Moderate,Category 61,Group 73,0.274,1,1,Medium
INC0029587,3 - Moderate,Category 23,Group 20,0.274,1,1,Medium
INC0115019,3 - Moderate,Category 42,Group 70,0.274,1,0,Medium
INC0034002,3 - Moderate,Category 42,Group 70,0.274,1,0,Medium
INC0031129,3 - Moderate,Category 61,Group 73,0.274,1,0,Medium
INC0034027,3 - Moderate,Category 43,Group 22,0.274,1,0,Medium
INC0030965,3 - Moderate,Category 42,Group 70,0.274,1,0,Medium
INC0115093,3 - Moderate,Other,Group 70,0.273,1,0,Medium
INC0032100,3 - Moderate,Category 44,Group 5,0.273,1,0,Medium
INC0076801,3 - Moderate,Other,Group 70,0.272,1,0,Medium
INC0031559,3 - Moderate,Category 23,Group 20,0.272,1,0,Medium
INC0033613,3 - Moderate,Category 9,Group 28,0.272,1,0,Medium
INC0032016,3 - Moderate,Category 43,Group 22,0.272,1,0,Medium
INC0029615,3 - Moderate,Category 9,Group 28,0.272,1,0,Medium
INC0028509,3 - Moderate,Category 42,Group 70,0.272,1,0,Medium
INC0031964,3 - Moderate,Category 9,Group 28,0.272,1,0,Medium
INC0029628,3 - Moderate,Category 46,Other,0.271,1,0,Medium
INC0028968,3 - Moderate,Category 32,Group 70,0.271,1,0,Medium
INC0032337,3 - Moderate,Category 9,Group 25,0.271,1,1,Medium
INC0032590,3 - Moderate,Category 37,Group 28,0.271,1,1,Medium
INC0030157,3 - Moderate,Category 42,Group 55,0.27,1,0,Medium
INC0029009,3 - Moderate,Category 26,Group 70,0.27,1,1,Medium
INC0028698,3 - Moderate,Category 61,Group 73,0.27,1,1,Medium
INC0034335,3 - Moderate,Category 42,Group 70,0.27,1,1,Medium
INC0106092,3 - Moderate,Category 42,Group 70,0.27,1,0,Medium
INC0030426,3 - Moderate,Category 40,Group 70,0.27,1,1,Medium
INC0030586,3 - Moderate,Category 57,Other,0.27,1,0,Medium
INC0032421,3 - Moderate,Category 37,Other,0.269,1,1,Medium
INC0033147,3 - Moderate,Category 53,Group 28,0.269,1,1,Medium
INC0067382,3 - Moderate,Other,Group 70,0.269,1,1,Medium
INC0029536,3 - Moderate,Category 34,Group 25,0.269,1,0,Medium
INC0031353,3 - Moderate,Category 42,Group 39,0.268,1,0,Medium
INC0030387,3 - Moderate,Category 37,Group 25,0.268,1,0,Medium
INC0030914,3 - Moderate,Category 42,Group 70,0.268,1,0,Medium
INC0033860,3 - Moderate,Category 53,Group 51,0.267,1,1,Medium
INC0029856,3 - Moderate,Category 26,Group 70,0.267,1,0,Medium
INC0029982,3 - Moderate,Category 23,Group 20,0.267,1,1,Medium
INC0032093,3 - Moderate,Category 46,Group 22,0.267,1,0,Medium
INC0033439,3 - Moderate,Category 53,Group 69,0.266,1,0,Medium
INC0028975,3 - Moderate,Category 37,Group 25,0.266,1,0,Medium
INC0028977,3 - Moderate,Category 37,Group 25,0.266,1,0,Medium
INC0033831,3 - Moderate,Category 46,Group 39,0.266,1,0,Medium
INC0031823,3 - Moderate,Category 57,Group 65,0.265,1,0,Medium
INC0031378,3 - Moderate,Category 53,Group 27,0.265,1,1,Medium
INC0029369,3 - Moderate,Category 57,Group 65,0.265,1,1,Medium
INC0030294,3 - Moderate,Category 46,Group 39,0.265,1,0,Medium
INC0033303,3 - Moderate,Category 23,Group 20,0.265,1,0,Medium
INC0029386,3 - Moderate,Category 57,Group 65,0.264,1,0,Medium
INC0029389,3 - Moderate,Category 9,Group 27,0.264,1,0,Medium
INC0033607,3 - Moderate,Category 9,Group 28,0.264,1,0,Medium
INC0031617,3 - Moderate,Category 53,Group 30,0.264,1,0,Medium
INC0030299,3 - Moderate,Category 42,Group 39,0.264,1,0,Medium
INC0028536,3 - Moderate,Category 53,Group 33,0.264,1,0,Medium
INC0032767,3 - Moderate,Category 57,Group 51,0.264,1,1,Medium
INC0032008,3 - Moderate,Category 9,Group 27,0.264,1,0,Medium
INC0030559,3 - Moderate,Category 57,Group 65,0.264,1,0,Medium
INC0031955,3 - Moderate,Category 9,Group 28,0.264,1,0,Medium
INC0032119,3 - Moderate,Category 46,Group 22,0.263,1,1,Medium
INC0032524,3 - Moderate,Category 42,Group 70,0.263,1,0,Medium
INC0030878,3 - Moderate,Category 32,Group 70,0.263,1,0,Medium
INC0029174,3 - Moderate,Category 23,Group 20,0.263,1,0,Medium
INC0031728,3 - Moderate,Category 44,Group 5,0.262,1,0,Medium
INC0034304,3 - Moderate,Category 32,Group 70,0.262,1,1,Medium
INC0034135,3 - Moderate,Category 37,Other,0.262,1,0,Medium
INC0029227,3 - Moderate,Category 37,Other,0.262,1,0,Medium
INC0029418,3 - Moderate,Category 42,Group 39,0.262,1,0,Medium
INC0032423,3 - Moderate,Category 37,Group 46,0.262,1,0,Medium
INC0031553,3 - Moderate,Category 46,Group 39,0.26,1,0,Medium
INC0033068,3 - Moderate,Category 42,Group 70,0.26,1,0,Medium
INC0030218,3 - Moderate,Category 23,Group 20,0.26,1,0,Medium
INC0115038,3 - Moderate,Category 42,Group 70,0.26,1,0,Medium
INC0032463,3 - Moderate,Category 43,Group 22,0.259,1,0,Medium
INC0033260,3 - Moderate,Category 9,Group 28,0.259,1,0,Medium
INC0030467,3 - Moderate,Category 37,Other,0.259,1,0,Medium
INC0032951,3 - Moderate,Category 32,Group 70,0.259,1,0,Medium
INC0029844,3 - Moderate,Category 61,Group 73,0.259,1,0,Medium
INC0031948,3 - Moderate,Category 61,Group 73,0.259,1,0,Medium
INC0048652,3 - Moderate,Other,Other,0.259,1,0,Medium
INC0074026,3 - Moderate,Category 43,Group 22,0.258,1,1,Medium
INC0030728,3 - Moderate,Category 37,Other,0.258,1,0,Medium
INC0033393,3 - Moderate,Category 46,Other,0.258,1,0,Medium
INC0032001,3 - Moderate,Category 44,Group 5,0.258,1,0,Medium
INC0030590,3 - Moderate,Category 57,Group 54,0.258,1,1,Medium
INC0030957,3 - Moderate,Category 32,Group 70,0.257,1,0,Medium
INC0028456,3 - Moderate,Category 26,Group 70,0.257,1,0,Medium
INC0031030,3 - Moderate,Category 9,Group 27,0.256,1,0,Medium
INC0034038,3 - Moderate,Category 9,Group 27,0.256,1,0,Medium
INC0028490,3 - Moderate,Category 42,Group 70,0.256,1,0,Medium
INC0029733,3 - Moderate,Category 24,Group 27,0.256,1,0,Medium
INC0034237,3 - Moderate,Category 20,Group 70,0.255,1,0,Medium
INC0030146,3 - Moderate,Category 57,Other,0.255,1,1,Medium
INC0028695,3 - Moderate,Category 20,Group 70,0.255,1,0,Medium
INC0030077,3 - Moderate,Category 23,Group 20,0.255,1,0,Medium
INC0033312,3 - Moderate,Category 37,Other,0.255,1,0,Medium
INC0034013,3 - Moderate,Category 57,Group 65,0.255,1,0,Medium
INC0029984,3 - Moderate,Category 42,Group 70,0.255,1,0,Medium
INC0029383,3 - Moderate,Category 46,Group 39,0.254,1,0,Medium
INC0030602,3 - Moderate,Category 37,Other,0.254,1,0,Medium
INC0033504,3 - Moderate,Category 53,Other,0.254,1,0,Medium
INC0028608,3 - Moderate,Category 57,Group 65,0.254,1,1,Medium
INC0029734,3 - Moderate,Category 46,Group 39,0.254,1,0,Medium
INC0031470,3 - Moderate,Category 9,Group 28,0.253,1,1,Medium
INC0031605,3 - Moderate,Category 37,Other,0.253,1,0,Medium
INC0029765,3 - Moderate,Category 24,Group 25,0.253,1,1,Medium
INC0031263,3 - Moderate,Category 42,Group 70,0.253,1,1,Medium
INC0031657,3 - Moderate,Category 23,Group 20,0.253,1,0,Medium
INC0031531,3 - Moderate,Category 43,Group 22,0.253,1,0,Medium
INC0032693,3 - Moderate,Category 42,Group 70,0.252,1,0,Medium
INC0028452,3 - Moderate,Category 19,Group 24,0.252,1,1,Medium
INC0029415,3 - Moderate,Category 53,Other,0.252,1,0,Medium
INC0031954,3 - Moderate,Category 37,Group 72,0.252,1,0,Medium
INC0033084,3 - Moderate,Category 42,Group 70,0.252,1,0,Medium
INC0033234,3 - Moderate,Category 46,Group 6,0.252,1,0,Medium
INC0029616,3 - Moderate,Category 23,Group 20,0.251,1,0,Medium
INC0031472,3 - Moderate,Category 53,Group 70,0.251,1,0,Medium
INC0028341,3 - Moderate,Category 37,Group 27,0.251,1,0,Medium
INC0032464,3 - Moderate,Category 9,Group 27,0.251,1,0,Medium
INC0033360,3 - Moderate,Category 40,Group 70,0.251,1,0,Medium
INC0031093,3 - Moderate,Category 37,Other,0.251,1,0,Medium
INC0030367,3 - Moderate,Category 61,Group 73,0.251,1,0,Medium
INC0029233,3 - Moderate,Category 61,Group 73,0.251,1,0,Medium
INC0031024,3 - Moderate,Category 37,Group 25,0.251,1,0,Medium
INC0031997,3 - Moderate,Category 23,Group 20,0.25,1,1,Medium
INC0030636,3 - Moderate,Category 37,Other,0.25,1,0,Low
INC0029161,3 - Moderate,Category 57,Group 65,0.25,1,0,Low
INC0032393,3 - Moderate,Category 53,Group 51,0.25,1,1,Low
INC0030951,3 - Moderate,Category 37,Other,0.25,1,1,Medium
INC0030929,3 - Moderate,Category 53,Group 27,0.25,1,1,Medium
INC0030176,3 - Moderate,Category 23,Group 20,0.25,1,0,Low
INC0029358,3 - Moderate,Category 61,Group 73,0.249,1,0,Low
INC0034198,3 - Moderate,Category 42,Group 70,0.249,1,0,Low
INC0028855,3 - Moderate,Category 42,Group 70,0.249,1,0,Low
INC0034267,3 - Moderate,Category 28,Group 70,0.249,1,0,Low
INC0033069,3 - Moderate,Category 34,Group 70,0.249,1,0,Low
INC0033006,3 - Moderate,Category 42,Group 70,0.249,1,0,Low
INC0030477,3 - Moderate,Category 23,Group 20,0.248,1,0,Low
INC0030474,4 - Low,Category 53,Group 66,0.248,1,0,Low
INC0029476,3 - Moderate,Category 9,Group 28,0.248,1,0,Low
INC0032512,3 - Moderate,Category 61,Group 73,0.247,1,0,Low
INC0031732,3 - Moderate,Category 53,Group 30,0.247,1,0,Low
INC0034199,3 - Moderate,Category 37,Other,0.247,1,0,Low
INC0032526,3 - Moderate,Category 37,Other,0.247,1,0,Low
INC0030124,3 - Moderate,Category 57,Group 51,0.247,1,0,Low
INC0033063,3 - Moderate,Category 7,Group 70,0.247,1,1,Low
INC0030012,3 - Moderate,Category 37,Group 46,0.247,1,0,Low
INC0032937,3 - Moderate,Category 40,Group 70,0.246,1,1,Low
INC0034336,3 - Moderate,Category 37,Other,0.246,1,0,Low
INC0031384,3 - Moderate,Category 44,Group 5,0.246,1,0,Low
INC0031602,4 - Low,Category 53,Group 76,0.246,1,0,Low
INC0033059,3 - Moderate,Category 42,Group 70,0.246,1,1,Low
INC0030023,3 - Moderate,Category 9,Group 25,0.245,1,0,Low
INC0028970,3 - Moderate,Category 37,Group 25,0.245,1,0,Low
INC0031321,3 - Moderate,Category 42,Group 70,0.245,1,0,Low
INC0033095,3 - Moderate,Category 26,Group 70,0.245,1,1,Low
INC0028870,3 - Moderate,Category 26,Group 70,0.245,1,1,Low
INC0028839,3 - Moderate,Category 26,Group 70,0.245,1,0,Low
INC0032129,3 - Moderate,Category 43,Group 22,0.245,1,1,Low
INC0031697,3 - Moderate,Category 46,Group 39,0.245,1,0,Low
INC0034234,3 - Moderate,Category 42,Group 70,0.245,1,0,Low
INC0029791,3 - Moderate,Category 26,Group 70,0.244,1,0,Low
INC0032095,3 - Moderate,Category 42,Group 39,0.244,1,0,Low
INC0032088,3 - Moderate,Category 42,Group 39,0.244,1,0,Low
INC0029200,3 - Moderate,Category 34,Group 70,0.244,1,0,Low
INC0034188,3 - Moderate,Category 23,Group 20,0.244,1,0,Low
INC0033455,3 - Moderate,Category 53,Other,0.244,1,0,Low
INC0030444,3 - Moderate,Category 26,Group 70,0.244,1,0,Low
INC0032615,3 - Moderate,Category 40,Group 70,0.244,1,0,Low
INC0089429,3 - Moderate,Other,Group 58,0.243,1,0,Low
INC0028845,3 - Moderate,Category 42,Group 70,0.243,1,0,Low
INC0031392,3 - Moderate,Category 40,Group 70,0.243,1,0,Low
INC0029750,3 - Moderate,Category 53,Group 20,0.243,1,0,Low
INC0030660,3 - Moderate,Category 61,Group 73,0.243,1,1,Low
INC0030366,3 - Moderate,Category 42,Group 39,0.243,1,0,Low
INC0031706,3 - Moderate,Category 9,Group 27,0.243,1,0,Low
INC0031704,3 - Moderate,Category 9,Group 27,0.243,1,0,Low
INC0073797,3 - Moderate,Other,Group 70,0.243,1,1,Low
INC0031686,3 - Moderate,Category 43,Other,0.243,1,1,Low
INC0031702,3 - Moderate,Category 9,Group 27,0.243,1,0,Low
INC0031705,3 - Moderate,Category 9,Group 27,0.243,1,0,Low
INC0030286,3 - Moderate,Category 61,Group 73,0.242,1,0,Low
INC0031876,3 - Moderate,Category 23,Group 20,0.242,1,0,Low
INC0034028,3 - Moderate,Category 9,Group 27,0.242,1,0,Low
INC0032158,3 - Moderate,Category 23,Group 20,0.242,1,1,Low
INC0028587,3 - Moderate,Category 57,Other,0.242,1,1,Low
INC0114861,3 - Moderate,Other,Group 70,0.242,1,0,Low
INC0031441,3 - Moderate,Category 17,Group 69,0.242,1,0,Low
INC0032762,3 - Moderate,Category 37,Other,0.242,1,0,Low
INC0029322,3 - Moderate,Category 32,Group 70,0.242,1,0,Low
INC0032179,3 - Moderate,Category 23,Group 20,0.242,1,1,Low
INC0031561,3 - Moderate,Category 26,Group 70,0.241,1,0,Low
INC0115417,3 - Moderate,Other,Group 70,0.241,1,1,Low
INC0034163,3 - Moderate,Category 61,Group 73,0.241,1,1,Low
INC0031239,3 - Moderate,Category 32,Group 70,0.241,1,1,Low
INC0029547,3 - Moderate,Category 43,Other,0.24,1,0,Low
INC0033207,3 - Moderate,Category 42,Group 70,0.24,1,0,Low
INC0032844,3 - Moderate,Category 53,Group 27,0.24,1,0,Low
INC0032017,3 - Moderate,Category 42,Group 39,0.239,1,0,Low
INC0031467,3 - Moderate,Category 23,Group 20,0.239,1,0,Low
INC0030927,3 - Moderate,Category 42,Group 70,0.239,1,0,Low
INC0029934,3 - Moderate,Category 34,Group 69,0.238,1,0,Low
INC0032080,3 - Moderate,Category 46,Group 10,0.238,1,0,Low
INC0032700,3 - Moderate,Category 42,Group 70,0.238,1,0,Low
INC0028491,3 - Moderate,Category 20,Group 70,0.238,1,0,Low
INC0031747,3 - Moderate,Category 46,Group 39,0.237,1,0,Low
INC0030339,3 - Moderate,Category 28,Group 24,0.237,1,0,Low
INC0034179,3 - Moderate,Category 37,Other,0.237,1,1,Low
INC0033828,3 - Moderate,Category 37,Other,0.236,1,1,Low
INC0028335,3 - Moderate,Category 37,Other,0.236,1,0,Low
INC0029512,3 - Moderate,Category 9,Group 28,0.236,1,0,Low
INC0029987,3 - Moderate,Category 42,Group 70,0.236,1,1,Low
INC0030681,3 - Moderate,Category 37,Other,0.236,1,0,Low
INC0029890,3 - Moderate,Category 37,Other,0.236,1,0,Low
INC0032556,3 - Moderate,Category 43,Group 22,0.236,1,1,Low
INC0028546,3 - Moderate,Category 37,Other,0.236,1,0,Low
INC0033152,3 - Moderate,Category 43,Group 22,0.235,1,0,Low
INC0031196,3 - Moderate,Category 42,Group 70,0.235,1,0,Low
INC0030030,3 - Moderate,Category 23,Group 20,0.235,1,0,Low
INC0032865,3 - Moderate,Category 32,Group 70,0.235,1,0,Low
INC0033280,3 - Moderate,Category 57,Group 65,0.234,1,0,Low
INC0033003,3 - Moderate,Category 37,Group 46,0.234,1,0,Low
INC0030760,3 - Moderate,Category 32,Group 70,0.234,1,0,Low
INC0033889,3 - Moderate,Category 37,Group 46,0.234,1,0,Low
INC0032009,3 - Moderate,Category 20,Group 70,0.234,1,0,Low
INC0032669,3 - Moderate,Category 42,Group 70,0.234,1,1,Low
INC0029705,3 - Moderate,Category 7,Group 24,0.234,1,1,Low
INC0032639,3 - Moderate,Category 42,Group 70,0.233,1,0,Low
INC0034292,3 - Moderate,Category 37,Group 70,0.233,1,0,Low
INC0030280,3 - Moderate,Category 57,Group 58,0.233,1,0,Low
INC0031036,3 - Moderate,Category 46,Group 39,0.233,1,1,Low
INC0029965,3 - Moderate,Category 57,Other,0.233,1,0,Low
INC0050310,3 - Moderate,Other,Group 20,0.233,1,0,Low
INC0030182,3 - Moderate,Category 23,Group 20,0.232,1,0,Low
INC0034322,3 - Moderate,Category 42,Group 70,0.232,1,0,Low
INC0033529,3 - Moderate,Category 57,Group 65,0.232,1,1,Low
INC0032280,3 - Moderate,Category 42,Group 70,0.232,1,0,Low
INC0030106,3 - Moderate,Category 32,Group 70,0.231,1,0,Low
INC0033015,3 - Moderate,Category 37,Group 46,0.231,1,0,Low
INC0029178,3 - Moderate,Category 53,Group 66,0.231,1,0,Low
INC0033821,3 - Moderate,Category 42,Group 70,0.231,1,1,Low
INC0029951,3 - Moderate,Category 61,Group 73,0.231,1,0,Low
INC0032518,3 - Moderate,Category 23,Group 20,0.231,1,0,Low
INC0029297,3 - Moderate,Category 61,Group 73,0.23,1,0,Low
INC0032416,3 - Moderate,Category 37,Group 28,0.23,1,1,Low
INC0031994,3 - Moderate,Category 23,Group 20,0.23,1,0,Low
INC0112559,3 - Moderate,Other,Group 70,0.23,1,0,Low
INC0030264,3 - Moderate,Category 37,Other,0.23,1,0,Low
INC0032154,3 - Moderate,Category 61,Group 73,0.23,1,0,Low
INC0034068,3 - Moderate,Category 42,Group 70,0.23,1,1,Low
INC0034211,3 - Moderate,Category 42,Group 70,0.23,1,0,Low
INC0032130,3 - Moderate,Category 46,Group 22,0.23,1,1,Low
INC0032679,3 - Moderate,Category 37,Other,0.23,1,1,Low
INC0034044,3 - Moderate,Category 20,Group 70,0.23,1,0,Low
INC0032042,3 - Moderate,Category 20,Group 70,0.23,1,0,Low
INC0031437,3 - Moderate,Category 23,Group 20,0.23,1,1,Low
INC0029437,3 - Moderate,Category 57,Group 65,0.229,1,1,Low
INC0030024,3 - Moderate,Category 42,Group 70,0.229,1,1,Low
INC0030468,3 - Moderate,Category 61,Group 73,0.229,1,0,Low
INC0033005,3 - Moderate,Category 42,Group 70,0.229,1,0,Low
INC0029338,3 - Moderate,Category 53,Group 66,0.229,1,0,Low
INC0030115,3 - Moderate,Category 17,Group 69,0.229,1,0,Low
INC0033527,3 - Moderate,Category 23,Group 20,0.229,1,0,Low
INC0034305,3 - Moderate,Category 42,Group 70,0.229,1,0,Low
INC0031976,3 - Moderate,Category 57,Group 65,0.228,1,0,Low
INC0032872,3 - Moderate,Category 42,Group 70,0.228,1,1,Low
INC0032836,3 - Moderate,Category 42,Group 70,0.228,1,0,Low
INC0032752,3 - Moderate,Category 43,Group 22,0.228,1,0,Low
INC0033532,3 - Moderate,Category 57,Group 51,0.227,1,0,Low
INC0033034,3 - Moderate,Category 42,Group 70,0.227,1,0,Low
INC0034232,3 - Moderate,Category 42,Group 70,0.227,1,0,Low
INC0084918,3 - Moderate,Category 45,Group 22,0.227,1,1,Low
INC0033030,3 - Moderate,Category 42,Group 70,0.227,1,0,Low
INC0100291,3 - Moderate,Other,Group 70,0.227,1,0,Low
INC0030991,3 - Moderate,Category 37,Group 46,0.227,1,0,Low
INC0028840,3 - Moderate,Category 53,Group 70,0.226,1,0,Low
INC0033404,3 - Moderate,Category 23,Group 20,0.226,1,0,Low
INC0032529,3 - Moderate,Category 9,Group 27,0.225,1,1,Low
INC0033752,3 - Moderate,Category 42,Group 70,0.225,1,0,Low
INC0032124,3 - Moderate,Category 57,Group 65,0.225,1,0,Low
INC0032281,3 - Moderate,Category 46,Group 39,0.225,1,0,Low
INC0028347,3 - Moderate,Category 26,Group 70,0.225,1,1,Low
INC0103256,3 - Moderate,Other,Group 70,0.225,1,0,Low
INC0109010,3 - Moderate,Other,Group 70,0.225,1,0,Low
INC0032663,3 - Moderate,Category 42,Group 70,0.225,1,0,Low
INC0032193,3 - Moderate,Category 53,Group 76,0.225,1,0,Low
INC0034350,3 - Moderate,Category 44,Group 5,0.225,1,0,Low
INC0114999,3 - Moderate,Other,Group 70,0.225,1,0,Low
INC0034141,3 - Moderate,Category 42,Group 70,0.225,1,0,Low
INC0034051,3 - Moderate,Category 61,Group 73,0.225,1,0,Low
INC0029839,3 - Moderate,Category 42,Group 70,0.225,1,0,Low
INC0034278,3 - Moderate,Category 28,Group 70,0.224,1,0,Low
INC0029443,3 - Moderate,Category 57,Group 65,0.224,1,0,Low
INC0033101,3 - Moderate,Category 32,Group 70,0.224,1,1,Low
INC0029561,3 - Moderate,Category 42,Group 70,0.224,1,0,Low
INC0032329,3 - Moderate,Category 37,Other,0.224,1,0,Low
INC0029946,3 - Moderate,Category 42,Group 70,0.223,1,0,Low
INC0034181,3 - Moderate,Category 9,Group 27,0.223,1,0,Low
INC0028781,3 - Moderate,Category 42,Group 70,0.223,1,0,Low
INC0034175,3 - Moderate,Category 42,Group 70,0.223,1,0,Low
INC0030712,3 - Moderate,Category 9,Group 70,0.223,1,0,Low
INC0031376,3 - Moderate,Category 53,Group 27,0.222,1,0,Low
INC0030304,3 - Moderate,Category 37,Other,0.222,1,0,Low
INC0030899,3 - Moderate,Category 37,Group 46,0.222,1,1,Low
INC0033133,3 - Moderate,Category 42,Group 70,0.222,1,1,Low
INC0031178,3 - Moderate,Category 42,Group 70,0.222,1,0,Low
INC0032336,3 - Moderate,Category 42,Group 70,0.221,1,0,Low
INC0028920,3 - Moderate,Category 26,Group 70,0.221,1,0,Low
INC0033916,3 - Moderate,Category 42,Group 70,0.221,1,0,Low
INC0029231,3 - Moderate,Category 32,Group 70,0.221,1,0,Low
INC0031313,3 - Moderate,Category 42,Group 70,0.22,1,0,Low
INC0033926,3 - Moderate,Category 37,Other,0.22,1,1,Low
INC0032054,3 - Moderate,Category 17,Group 69,0.22,1,0,Low
INC0032982,3 - Moderate,Category 34,Group 70,0.22,1,0,Low
INC0030791,3 - Moderate,Category 42,Group 70,0.22,1,0,Low
INC0030302,3 - Moderate,Category 46,Group 39,0.22,1,1,Low
INC0029473,3 - Moderate,Category 43,Group 22,0.22,1,0,Low
INC0033734,3 - Moderate,Category 57,Group 58,0.22,1,1,Low
INC0031689,3 - Moderate,Category 61,Group 73,0.22,1,0,Low
INC0030330,3 - Moderate,Category 42,Group 70,0.22,1,0,Low
INC0032071,3 - Moderate,Category 9,Group 27,0.219,1,0,Low
INC0029230,3 - Moderate,Category 26,Group 70,0.219,1,0,Low
INC0029763,3 - Moderate,Category 23,Group 20,0.219,1,0,Low
INC0032694,3 - Moderate,Category 42,Group 70,0.219,1,0,Low
INC0033090,3 - Moderate,Category 42,Group 70,0.219,1,1,Low
INC0032514,3 - Moderate,Category 57,Other,0.219,1,1,Low
INC0034385,3 - Moderate,Category 46,Group 70,0.219,1,0,Low
INC0033842,3 - Moderate,Category 26,Group 70,0.219,1,0,Low
INC0028348,3 - Moderate,Category 42,Group 70,0.219,1,0,Low
INC0029725,3 - Moderate,Category 37,Group 46,0.219,1,1,Low
INC0030933,3 - Moderate,Category 26,Group 70,0.219,1,0,Low
INC0031042,3 - Moderate,Category 40,Group 70,0.219,1,1,Low
INC0033027,3 - Moderate,Category 26,Group 70,0.219,1,0,Low
INC0030958,3 - Moderate,Category 42,Group 70,0.218,1,0,Low
INC0032378,3 - Moderate,Category 32,Group 70,0.218,1,0,Low
INC0033671,3 - Moderate,Category 42,Group 70,0.218,1,0,Low
INC0033577,3 - Moderate,Category 53,Group 70,0.218,1,0,Low
INC0029699,3 - Moderate,Category 32,Group 70,0.218,1,1,Low
INC0032379,3 - Moderate,Category 32,Group 70,0.218,1,0,Low
INC0032377,3 - Moderate,Category 32,Group 70,0.218,1,0,Low
INC0032376,3 - Moderate,Category 32,Group 70,0.218,1,0,Low
INC0098852,3 - Moderate,Category 42,Group 70,0.217,1,0,Low
INC0088481,3 - Moderate,Category 42,Group 70,0.217,1,0,Low
INC0033432,3 - Moderate,Category 57,Group 65,0.217,1,0,Low
INC0029611,3 - Moderate,Category 61,Group 73,0.217,1,0,Low
INC0102026,3 - Moderate,Other,Group 24,0.217,1,0,Low
INC0032418,3 - Moderate,Category 42,Group 70,0.216,1,0,Low
INC0033062,3 - Moderate,Category 42,Group 70,0.216,1,0,Low
INC0028505,3 - Moderate,Category 42,Group 70,0.216,1,0,Low
INC0029967,3 - Moderate,Category 42,Group 70,0.216,1,0,Low
INC0032576,3 - Moderate,Category 53,Other,0.216,1,0,Low
INC0028433,3 - Moderate,Category 42,Group 70,0.215,1,1,Low
INC0033081,3 - Moderate,Category 42,Group 70,0.215,1,1,Low
INC0032492,3 - Moderate,Category 9,Group 27,0.215,1,0,Low
INC0032488,3 - Moderate,Category 9,Group 27,0.215,1,1,Low
INC0030934,3 - Moderate,Category 42,Group 70,0.215,1,1,Low
INC0030782,3 - Moderate,Category 42,Group 70,0.215,1,0,Low
INC0032644,3 - Moderate,Category 42,Group 70,0.215,1,0,Low
INC0031926,3 - Moderate,Category 37,Group 46,0.215,1,0,Low
INC0032315,3 - Moderate,Category 26,Group 70,0.214,1,0,Low
INC0028474,3 - Moderate,Category 53,Group 70,0.214,1,0,Low
INC0032253,3 - Moderate,Category 42,Group 70,0.214,1,0,Low
INC0031204,3 - Moderate,Category 26,Group 70,0.214,1,0,Low
INC0032553,3 - Moderate,Category 17,Group 69,0.214,1,0,Low
INC0029820,3 - Moderate,Category 42,Group 70,0.214,1,0,Low
INC0028379,3 - Moderate,Category 26,Group 70,0.213,1,0,Low
INC0032053,3 - Moderate,Category 26,Group 70,0.213,1,0,Low
INC0030883,3 - Moderate,Category 9,Group 30,0.213,1,0,Low
INC0032933,3 - Moderate,Category 42,Group 70,0.213,1,0,Low
INC0030852,3 - Moderate,Category 42,Group 70,0.213,1,0,Low
INC0030856,3 - Moderate,Category 26,Group 70,0.213,1,0,Low
INC0028598,3 - Moderate,Category 9,Group 27,0.213,1,1,Low
INC0029864,3 - Moderate,Category 9,Group 30,0.212,1,0,Low
INC0034007,3 - Moderate,Category 42,Group 70,0.212,1,0,Low
INC0031117,3 - Moderate,Category 40,Group 70,0.212,1,0,Low
INC0029875,3 - Moderate,Category 9,Group 30,0.212,1,0,Low
INC0029872,3 - Moderate,Category 9,Group 30,0.212,1,0,Low
INC0031065,3 - Moderate,Category 26,Group 70,0.212,1,0,Low
INC0033844,3 - Moderate,Category 23,Group 20,0.211,1,0,Low
INC0031303,3 - Moderate,Category 37,Other,0.211,1,0,Low
INC0028785,3 - Moderate,Category 26,Group 70,0.211,1,0,Low
INC0030006,3 - Moderate,Category 40,Group 70,0.211,1,0,Low
INC0030120,3 - Moderate,Category 37,Other,0.211,1,0,Low
INC0030644,3 - Moderate,Category 26,Group 70,0.211,1,0,Low
INC0103406,3 - Moderate,Category 56,Other,0.211,1,0,Low
INC0030439,3 - Moderate,Category 26,Group 70,0.211,1,0,Low
INC0032304,3 - Moderate,Category 42,Group 70,0.21,1,0,Low
INC0032594,3 - Moderate,Category 32,Group 70,0.21,1,0,Low
INC0034174,3 - Moderate,Category 53,Group 70,0.21,1,0,Low
INC0028813,3 - Moderate,Category 26,Group 70,0.21,1,1,Low
INC0030409,3 - Moderate,Category 42,Group 70,0.21,1,0,Low
INC0028504,3 - Moderate,Category 9,Group 70,0.21,1,1,Low
INC0032650,3 - Moderate,Category 26,Group 70,0.209,1,1,Low
INC0031921,3 - Moderate,Category 43,Group 22,0.209,1,0,Low
INC0032316,3 - Moderate,Category 42,Group 70,0.209,1,1,Low
INC0037768,3 - Moderate,Other,Other,0.208,1,0,Low
INC0031309,3 - Moderate,Category 42,Group 70,0.208,1,0,Low
INC0032142,3 - Moderate,Category 37,Other,0.208,1,0,Low
INC0028832,3 - Moderate,Category 42,Group 70,0.208,1,0,Low
INC0030378,3 - Moderate,Category 40,Group 70,0.208,1,1,Low
INC0029862,3 - Moderate,Category 37,Group 70,0.207,1,0,Low
INC0031824,3 - Moderate,Category 43,Other,0.207,1,0,Low
INC0029202,3 - Moderate,Category 26,Group 70,0.207,1,0,Low
INC0032007,3 - Moderate,Category 42,Group 70,0.207,1,0,Low
INC0031970,3 - Moderate,Category 57,Group 58,0.206,1,0,Low
INC0033805,3 - Moderate,Category 23,Group 20,0.206,1,0,Low
INC0033882,3 - Moderate,Category 23,Group 20,0.206,1,0,Low
INC0033674,3 - Moderate,Category 26,Group 70,0.206,1,0,Low
INC0032873,3 - Moderate,Category 42,Group 70,0.206,1,0,Low
INC0031182,3 - Moderate,Category 26,Group 70,0.206,1,0,Low
INC0031430,3 - Moderate,Category 53,Group 27,0.205,1,0,Low
INC0030329,3 - Moderate,Category 32,Group 70,0.205,1,0,Low
INC0030312,3 - Moderate,Category 26,Group 70,0.205,1,0,Low
INC0033693,3 - Moderate,Category 42,Group 70,0.205,1,0,Low
INC0032968,3 - Moderate,Category 42,Group 70,0.205,1,0,Low
INC0030528,3 - Moderate,Category 53,Other,0.205,1,0,Low
INC0033255,3 - Moderate,Category 42,Group 70,0.205,1,0,Low
INC0033684,3 - Moderate,Category 42,Group 70,0.205,1,0,Low
INC0030616,3 - Moderate,Category 61,Group 73,0.204,1,0,Low
INC0034138,3 - Moderate,Category 23,Group 20,0.204,1,0,Low
INC0034419,3 - Moderate,Category 42,Group 55,0.204,1,0,Low
INC0034258,3 - Moderate,Category 42,Group 70,0.203,1,0,Low
INC0031215,3 - Moderate,Category 53,Group 70,0.203,1,0,Low
INC0031820,3 - Moderate,Category 57,Group 65,0.203,1,0,Low
INC0028555,3 - Moderate,Category 42,Group 70,0.203,1,1,Low
INC0030266,3 - Moderate,Category 34,Group 70,0.203,1,0,Low
INC0034209,3 - Moderate,Category 26,Group 70,0.203,1,0,Low
INC0028321,3 - Moderate,Category 40,Group 70,0.203,1,0,Low
INC0033881,3 - Moderate,Category 42,Group 70,0.203,1,0,Low
INC0029229,4 - Low,Category 53,Group 66,0.202,1,0,Low
INC0031348,4 - Low,Category 46,Group 6,0.202,1,1,Low
INC0033288,3 - Moderate,Category 26,Group 70,0.202,1,0,Low
INC0032908,3 - Moderate,Category 37,Group 46,0.202,1,0,Low
INC0031797,3 - Moderate,Category 37,Other,0.202,1,1,Low
INC0033194,3 - Moderate,Category 42,Group 70,0.202,1,0,Low
INC0030438,3 - Moderate,Category 42,Group 70,0.202,1,0,Low
INC0033416,3 - Moderate,Category 57,Group 65,0.202,1,1,Low
INC0031644,3 - Moderate,Category 32,Group 70,0.202,1,0,Low
INC0032684,3 - Moderate,Category 42,Group 70,0.202,1,0,Low
INC0034145,3 - Moderate,Category 28,Group 70,0.202,1,1,Low
INC0028834,3 - Moderate,Category 26,Group 70,0.201,1,0,Low
INC0031857,3 - Moderate,Category 43,Group 22,0.201,1,0,Low
INC0032994,3 - Moderate,Category 40,Group 70,0.201,1,1,Low
INC0034143,3 - Moderate,Category 42,Group 70,0.201,1,0,Low
INC0031165,3 - Moderate,Category 42,Group 70,0.201,1,0,Low
INC0028391,3 - Moderate,Category 26,Group 70,0.201,1,1,Low
INC0033252,3 - Moderate,Category 37,Other,0.201,1,0,Low
INC0028426,3 - Moderate,Category 42,Group 70,0.201,1,0,Low
INC0033717,3 - Moderate,Category 37,Other,0.201,1,1,Low
INC0029571,3 - Moderate,Category 42,Group 70,0.201,1,0,Low
INC0034295,3 - Moderate,Category 53,Group 27,0.201,1,0,Low
INC0031286,3 - Moderate,Category 26,Group 70,0.2,1,0,Low
INC0029798,3 - Moderate,Category 37,Other,0.2,1,0,Low
INC0029731,3 - Moderate,Category 57,Group 65,0.2,1,1,Low
INC0028514,3 - Moderate,Category 42,Group 70,0.2,1,1,Low
INC0028547,3 - Moderate,Category 26,Group 70,0.2,1,0,Low
INC0030095,3 - Moderate,Category 20,Group 70,0.199,1,0,Low
INC0032189,3 - Moderate,Category 61,Group 73,0.199,1,0,Low
INC0033996,3 - Moderate,Category 53,Group 70,0.199,1,0,Low
INC0033901,3 - Moderate,Category 42,Group 70,0.199,1,0,Low
INC0120304,3 - Moderate,Other,Group 64,0.199,1,0,Low
INC0031300,4 - Low,Category 9,Group 28,0.199,1,0,Low
INC0031314,3 - Moderate,Category 26,Group 70,0.199,1,0,Low
INC0034020,3 - Moderate,Category 37,Other,0.199,1,0,Low
INC0032678,3 - Moderate,Category 42,Group 70,0.199,1,0,Low
INC0033945,3 - Moderate,Category 61,Group 73,0.199,1,0,Low
INC0029372,3 - Moderate,Category 26,Group 70,0.198,1,0,Low
INC0031297,3 - Moderate,Category 37,Other,0.198,1,0,Low
INC0034282,3 - Moderate,Category 26,Group 70,0.198,1,0,Low
INC0028657,3 - Moderate,Category 32,Group 70,0.198,1,1,Low
INC0033048,3 - Moderate,Category 26,Group 70,0.198,1,0,Low
INC0028453,3 - Moderate,Category 9,Group 70,0.198,1,0,Low
INC0030536,3 - Moderate,Category 46,Group 70,0.198,1,0,Low
INC0030880,3 - Moderate,Category 32,Group 70,0.198,1,0,Low
INC0031202,3 - Moderate,Category 42,Group 70,0.198,1,0,Low
INC0033044,3 - Moderate,Category 20,Group 70,0.198,1,0,Low
INC0033997,3 - Moderate,Category 57,Group 58,0.198,1,1,Low
INC0032282,3 - Moderate,Category 26,Group 70,0.198,1,0,Low
INC0032923,3 - Moderate,Category 26,Group 70,0.198,1,0,Low
INC0030864,3 - Moderate,Category 26,Group 70,0.198,1,0,Low
INC0102891,3 - Moderate,Other,Group 70,0.198,1,0,Low
INC0033493,3 - Moderate,Category 23,Group 20,0.198,1,0,Low
INC0030506,3 - Moderate,Category 28,Group 70,0.197,1,0,Low
INC0030456,3 - Moderate,Category 42,Group 70,0.197,1,0,Low
INC0033066,3 - Moderate,Category 20,Group 70,0.197,1,1,Low
INC0031180,3 - Moderate,Category 42,Group 70,0.197,1,0,Low
INC0033739,3 - Moderate,Category 42,Group 70,0.197,1,0,Low
INC0032373,3 - Moderate,Category 42,Group 70,0.197,1,0,Low
INC0031476,3 - Moderate,Category 57,Group 58,0.197,1,0,Low
INC0030348,3 - Moderate,Category 42,Group 70,0.197,1,0,Low
INC0032926,3 - Moderate,Category 42,Group 70,0.197,1,0,Low
INC0030811,3 - Moderate,Category 26,Group 70,0.197,1,0,Low
INC0088327,3 - Moderate,Category 42,Group 70,0.197,1,0,Low
INC0028500,3 - Moderate,Category 9,Group 70,0.196,1,1,Low
INC0031240,3 - Moderate,Category 28,Group 70,0.196,1,0,Low
INC0028912,3 - Moderate,Category 26,Group 70,0.196,1,0,Low
INC0032428,3 - Moderate,Category 26,Group 70,0.196,1,1,Low
INC0029656,3 - Moderate,Category 34,Group 69,0.196,1,0,Low
INC0029627,3 - Moderate,Category 32,Group 70,0.196,1,0,Low
INC0029285,3 - Moderate,Category 26,Group 70,0.196,1,0,Low
INC0034404,3 - Moderate,Category 42,Group 70,0.196,1,0,Low
INC0098696,3 - Moderate,Category 42,Group 70,0.196,1,0,Low
INC0029373,3 - Moderate,Category 42,Group 70,0.196,1,0,Low
INC0030887,3 - Moderate,Category 32,Group 70,0.196,1,1,Low
INC0029975,3 - Moderate,Category 42,Group 70,0.196,1,0,Low
INC0029342,3 - Moderate,Category 46,Group 39,0.196,1,0,Low
INC0032914,3 - Moderate,Category 26,Group 70,0.195,1,1,Low
INC0029865,3 - Moderate,Category 42,Group 70,0.195,1,0,Low
INC0031269,3 - Moderate,Category 42,Group 70,0.195,1,0,Low
INC0032345,3 - Moderate,Category 42,Group 70,0.195,1,0,Low
INC0029112,3 - Moderate,Category 61,Group 73,0.195,1,0,Low
INC0033082,3 - Moderate,Category 37,Group 46,0.195,1,0,Low
INC0033046,4 - Low,Category 24,Other,0.195,1,0,Low
INC0103428,3 - Moderate,Other,Group 70,0.195,1,0,Low
INC0033086,3 - Moderate,Category 20,Group 70,0.195,1,0,Low
INC0032757,3 - Moderate,Category 42,Group 70,0.195,1,0,Low
INC0029343,3 - Moderate,Category 42,Group 70,0.195,1,0,Low
INC0030287,3 - Moderate,Category 28,Group 70,0.194,1,0,Low
INC0033610,3 - Moderate,Category 61,Group 70,0.194,1,0,Low
INC0029819,3 - Moderate,Category 42,Group 70,0.194,1,0,Low
INC0031148,3 - Moderate,Category 26,Group 70,0.194,1,0,Low
INC0089307,3 - Moderate,Other,Group 70,0.194,1,0,Low
INC0028442,3 - Moderate,Category 26,Group 70,0.194,1,1,Low
INC0028560,3 - Moderate,Category 37,Group 70,0.194,1,0,Low
INC0034032,3 - Moderate,Category 37,Other,0.194,1,0,Low
INC0032162,3 - Moderate,Category 42,Group 70,0.194,1,0,Low
INC0029459,3 - Moderate,Category 40,Group 70,0.194,1,1,Low
INC0033802,3 - Moderate,Category 42,Group 70,0.194,1,0,Low
INC0030853,3 - Moderate,Category 26,Group 70,0.194,1,0,Low
INC0077515,3 - Moderate,Category 42,Group 70,0.193,1,0,Low
INC0032719,3 - Moderate,Category 42,Group 70,0.193,1,0,Low
INC0032721,3 - Moderate,Category 42,Group 70,0.193,1,0,Low
INC0031301,3 - Moderate,Category 53,Group 70,0.193,1,0,Low
INC0033092,3 - Moderate,Category 24,Group 70,0.192,1,1,Low
INC0029594,3 - Moderate,Category 42,Group 70,0.192,1,0,Low
INC0029510,3 - Moderate,Category 9,Group 29,0.192,1,1,Low
INC0030078,3 - Moderate,Category 46,Group 58,0.192,1,0,Low
INC0031325,4 - Low,Category 46,Group 33,0.192,1,0,Low
INC0030305,3 - Moderate,Category 42,Group 70,0.192,1,0,Low
INC0028701,3 - Moderate,Category 53,Group 70,0.192,1,1,Low
INC0032657,3 - Moderate,Category 26,Group 70,0.192,1,1,Low
INC0028686,3 - Moderate,Category 53,Group 70,0.192,1,0,Low
INC0033627,3 - Moderate,Category 53,Other,0.192,1,0,Low
INC0030365,3 - Moderate,Category 37,Group 46,0.192,1,1,Low
INC0032489,3 - Moderate,Category 42,Group 70,0.191,1,0,Low
INC0033830,3 - Moderate,Category 61,Group 73,0.191,1,0,Low
INC0034263,3 - Moderate,Category 42,Group 70,0.191,1,0,Low
INC0029552,3 - Moderate,Category 57,Group 65,0.191,1,0,Low
INC0032201,3 - Moderate,Category 53,Group 27,0.191,1,1,Low
INC0028731,3 - Moderate,Category 42,Group 70,0.191,1,0,Low
INC0032082,3 - Moderate,Category 23,Group 20,0.191,1,0,Low
INC0033829,3 - Moderate,Category 42,Group 70,0.191,1,0,Low
INC0029060,3 - Moderate,Category 26,Group 70,0.19,1,0,Low
INC0029853,3 - Moderate,Category 9,Group 30,0.19,1,0,Low
INC0032030,3 - Moderate,Category 43,Group 39,0.19,1,0,Low
INC0033120,3 - Moderate,Category 32,Group 70,0.19,1,1,Low
INC0034216,3 - Moderate,Category 20,Group 70,0.19,1,0,Low
INC0034230,3 - Moderate,Category 42,Group 70,0.19,1,0,Low
INC0028868,3 - Moderate,Category 26,Group 70,0.189,1,0,Low
INC0030152,3 - Moderate,Category 13,Group 70,0.189,1,0,Low
INC0031074,3 - Moderate,Category 42,Group 70,0.189,1,0,Low
INC0032881,3 - Moderate,Category 42,Group 70,0.189,1,0,Low
INC0030021,3 - Moderate,Category 42,Group 70,0.189,1,1,Low
INC0030836,3 - Moderate,Category 9,Group 30,0.189,1,0,Low
INC0031296,3 - Moderate,Category 37,Group 25,0.189,1,0,Low
INC0030334,3 - Moderate,Category 26,Group 70,0.188,1,0,Low
INC0029269,3 - Moderate,Category 24,Group 23,0.188,1,0,Low
INC0029268,3 - Moderate,Category 24,Group 23,0.188,1,0,Low
INC0028967,3 - Moderate,Category 42,Group 70,0.188,1,1,Low
INC0029265,3 - Moderate,Category 24,Group 23,0.188,1,0,Low
INC0029132,3 - Moderate,Category 26,Group 70,0.188,1,0,Low
INC0033716,3 - Moderate,Category 40,Group 70,0.187,1,1,Low
INC0032332,3 - Moderate,Category 42,Group 70,0.187,1,0,Low
INC0034011,3 - Moderate,Category 26,Group 70,0.187,1,0,Low
INC0029593,3 - Moderate,Category 42,Group 70,0.187,1,1,Low
INC0031690,3 - Moderate,Category 37,Other,0.187,1,0,Low
INC0028973,3 - Moderate,Category 26,Group 70,0.187,1,1,Low
INC0033787,3 - Moderate,Category 42,Group 70,0.186,1,0,Low
INC0032234,3 - Moderate,Category 26,Group 70,0.186,1,0,Low
INC0032459,3 - Moderate,Category 34,Group 70,0.186,1,0,Low
INC0031171,3 - Moderate,Category 42,Group 70,0.186,1,1,Low
INC0032074,3 - Moderate,Category 26,Group 70,0.186,1,0,Low
INC0031104,3 - Moderate,Category 42,Group 70,0.186,1,0,Low
INC0034191,3 - Moderate,Category 26,Group 70,0.186,1,0,Low
INC0032714,3 - Moderate,Category 37,Group 70,0.186,1,0,Low
INC0032276,3 - Moderate,Category 61,Group 24,0.186,1,0,Low
INC0028801,3 - Moderate,Category 42,Group 70,0.186,1,1,Low
INC0028629,3 - Moderate,Category 42,Group 70,0.186,1,0,Low
INC0028897,3 - Moderate,Category 34,Group 70,0.186,1,0,Low
INC0032910,3 - Moderate,Category 53,Group 70,0.186,1,0,Low
INC0029690,3 - Moderate,Category 53,Group 24,0.186,1,0,Low
INC0029217,3 - Moderate,Category 26,Group 70,0.186,1,0,Low
INC0032319,3 - Moderate,Category 42,Group 70,0.185,1,0,Low
INC0032666,3 - Moderate,Category 26,Group 70,0.185,1,1,Low
INC0033897,3 - Moderate,Category 26,Group 70,0.185,1,0,Low
INC0032087,3 - Moderate,Category 37,Group 46,0.184,1,1,Low
INC0033838,3 - Moderate,Category 26,Group 70,0.184,1,0,Low
INC0033771,3 - Moderate,Category 61,Group 73,0.184,1,0,Low
INC0031174,3 - Moderate,Category 32,Group 70,0.184,1,1,Low
INC0029795,3 - Moderate,Category 53,Group 70,0.184,1,0,Low
INC0033376,3 - Moderate,Category 53,Other,0.184,1,0,Low
INC0028923,3 - Moderate,Category 26,Group 70,0.184,1,0,Low
INC0032609,3 - Moderate,Category 46,Group 70,0.184,1,0,Low
INC0083078,3 - Moderate,Other,Group 70,0.184,1,0,Low
INC0033758,3 - Moderate,Category 61,Group 73,0.184,1,0,Low
INC0032929,3 - Moderate,Category 53,Group 70,0.184,1,0,Low
INC0030874,3 - Moderate,Category 42,Group 55,0.184,1,1,Low
INC0029947,3 - Moderate,Category 42,Group 70,0.184,1,0,Low
INC0029550,3 - Moderate,Category 37,Other,0.184,1,0,Low
INC0033520,3 - Moderate,Category 37,Other,0.183,1,1,Low
INC0033539,3 - Moderate,Category 53,Group 27,0.183,1,0,Low
INC0032259,3 - Moderate,Category 26,Group 70,0.183,1,0,Low
INC0031488,3 - Moderate,Category 9,Group 25,0.183,1,1,Low
INC0032064,3 - Moderate,Category 20,Group 70,0.183,1,1,Low
INC0032270,3 - Moderate,Category 34,Group 70,0.183,1,1,Low
INC0033029,3 - Moderate,Category 26,Group 70,0.183,1,0,Low
INC0032912,3 - Moderate,Category 26,Group 70,0.182,1,0,Low
INC0030767,3 - Moderate,Category 26,Group 70,0.182,1,0,Low
INC0033204,3 - Moderate,Category 26,Group 70,0.182,1,0,Low
INC0029998,3 - Moderate,Category 26,Group 70,0.182,1,0,Low
INC0030700,3 - Moderate,Category 26,Group 70,0.182,1,0,Low
INC0029329,3 - Moderate,Category 53,Group 70,0.182,1,0,Low
INC0032913,3 - Moderate,Category 26,Group 70,0.182,1,0,Low
INC0033733,3 - Moderate,Category 9,Group 70,0.182,1,1,Low
INC0028810,3 - Moderate,Category 26,Group 70,0.182,1,0,Low
INC0032986,3 - Moderate,Category 7,Group 69,0.181,1,0,Low
INC0029368,3 - Moderate,Category 35,Group 70,0.181,1,0,Low
INC0031729,3 - Moderate,Category 37,Other,0.181,1,1,Low
INC0030897,3 - Moderate,Category 35,Group 70,0.181,1,0,Low
INC0032296,3 - Moderate,Category 26,Group 70,0.181,1,0,Low
INC0031499,3 - Moderate,Category 20,Group 70,0.18,1,1,Low
INC0028320,3 - Moderate,Category 37,Group 46,0.18,1,0,Low
INC0029046,3 - Moderate,Category 46,Group 70,0.18,1,0,Low
INC0034297,3 - Moderate,Category 26,Group 70,0.18,1,1,Low
INC0032728,3 - Moderate,Category 42,Group 70,0.18,1,0,Low
INC0029196,3 - Moderate,Category 40,Group 70,0.18,1,0,Low
INC0028343,3 - Moderate,Category 26,Group 70,0.18,1,1,Low
INC0028493,3 - Moderate,Category 42,Group 55,0.179,1,1,Low
INC0033869,3 - Moderate,Category 26,Group 70,0.179,1,1,Low
INC0031808,3 - Moderate,Category 46,Group 70,0.179,1,0,Low
INC0029283,3 - Moderate,Category 37,Group 25,0.179,1,0,Low
INC0033347,3 - Moderate,Category 37,Other,0.179,1,0,Low
INC0033853,3 - Moderate,Category 53,Group 70,0.179,1,0,Low
INC0033938,3 - Moderate,Category 42,Group 70,0.179,1,1,Low
INC0033951,3 - Moderate,Category 42,Group 70,0.179,1,0,Low
INC0029206,3 - Moderate,Category 42,Group 70,0.179,1,0,Low
INC0034262,3 - Moderate,Category 26,Group 70,0.179,1,0,Low
INC0028489,3 - Moderate,Category 42,Group 55,0.179,1,0,Low
INC0033704,3 - Moderate,Category 32,Group 70,0.179,1,0,Low
INC0032899,3 - Moderate,Category 42,Group 70,0.179,1,0,Low
INC0032305,3 - Moderate,Category 40,Group 70,0.178,1,0,Low
INC0099106,3 - Moderate,Category 45,Group 70,0.178,1,1,Low
INC0030469,3 - Moderate,Category 37,Group 70,0.178,1,0,Low
INC0033789,3 - Moderate,Category 42,Group 70,0.178,1,0,Low
INC0028641,3 - Moderate,Category 42,Group 70,0.178,1,0,Low
INC0032839,3 - Moderate,Category 42,Group 70,0.178,1,0,Low
INC0034030,3 - Moderate,Category 42,Group 70,0.178,1,0,Low
INC0031161,3 - Moderate,Category 26,Group 70,0.178,1,0,Low
INC0031166,3 - Moderate,Category 26,Group 70,0.178,1,1,Low
INC0030759,3 - Moderate,Category 26,Group 70,0.178,1,0,Low
INC0032823,3 - Moderate,Category 32,Group 70,0.178,1,0,Low
INC0031108,3 - Moderate,Category 42,Group 70,0.178,1,0,Low
INC0031112,3 - Moderate,Category 42,Group 70,0.178,1,0,Low
INC0032147,3 - Moderate,Category 37,Group 25,0.178,1,0,Low
INC0032564,3 - Moderate,Category 26,Group 70,0.177,1,0,Low
INC0033918,3 - Moderate,Category 42,Group 70,0.177,1,0,Low
INC0029693,3 - Moderate,Category 61,Group 73,0.177,1,1,Low
INC0029248,3 - Moderate,Category 37,Group 46,0.177,1,0,Low
INC0030404,3 - Moderate,Category 28,Group 70,0.176,1,0,Low
INC0032089,3 - Moderate,Category 53,Group 51,0.176,1,0,Low
INC0032963,3 - Moderate,Category 9,Group 70,0.176,1,1,Low
INC0033835,3 - Moderate,Category 26,Group 70,0.176,1,1,Low
INC0029253,3 - Moderate,Category 24,Group 23,0.176,1,0,Low
INC0032303,3 - Moderate,Category 42,Group 70,0.176,1,0,Low
INC0028899,3 - Moderate,Category 26,Group 70,0.176,1,0,Low
INC0033534,3 - Moderate,Category 61,Group 73,0.176,1,0,Low
INC0034200,3 - Moderate,Category 32,Group 70,0.176,1,0,Low
INC0030435,3 - Moderate,Category 42,Group 70,0.176,1,0,Low
INC0034010,3 - Moderate,Category 42,Group 70,0.175,1,1,Low
INC0028330,3 - Moderate,Category 26,Group 70,0.175,1,0,Low
INC0028688,3 - Moderate,Category 20,Group 70,0.175,1,0,Low
INC0032578,3 - Moderate,Category 42,Group 70,0.175,1,0,Low
INC0029243,3 - Moderate,Category 26,Group 70,0.175,1,0,Low
INC0029718,3 - Moderate,Category 26,Group 70,0.175,1,0,Low
INC0033498,3 - Moderate,Category 23,Group 20,0.174,1,0,Low
INC0033794,3 - Moderate,Category 26,Group 70,0.174,1,0,Low
INC0034228,3 - Moderate,Category 26,Group 70,0.174,1,0,Low
INC0032356,3 - Moderate,Category 26,Group 70,0.174,1,1,Low
INC0029953,3 - Moderate,Category 53,Group 70,0.174,1,0,Low
INC0028815,3 - Moderate,Category 26,Group 70,0.174,1,0,Low
INC0034403,3 - Moderate,Category 42,Group 70,0.174,1,0,Low
INC0028636,3 - Moderate,Category 61,Group 70,0.174,1,0,Low
INC0033427,3 - Moderate,Category 26,Group 70,0.174,1,0,Low
INC0031118,3 - Moderate,Category 42,Group 70,0.174,1,0,Low
INC0030502,3 - Moderate,Category 37,Group 70,0.173,1,0,Low
INC0034149,3 - Moderate,Category 28,Group 70,0.173,1,0,Low
INC0033542,3 - Moderate,Category 37,Other,0.173,1,0,Low
INC0031465,3 - Moderate,Category 61,Group 73,0.173,1,0,Low
INC0032652,3 - Moderate,Category 26,Group 70,0.173,1,1,Low
INC0032465,3 - Moderate,Category 42,Group 70,0.173,1,1,Low
INC0033773,3 - Moderate,Category 42,Group 70,0.172,1,0,Low
INC0028472,3 - Moderate,Category 26,Group 70,0.172,1,0,Low
INC0028455,3 - Moderate,Category 53,Group 70,0.172,1,0,Low
INC0031110,3 - Moderate,Category 26,Group 70,0.172,1,0,Low
INC0033804,3 - Moderate,Category 42,Group 70,0.172,1,0,Low
INC0034275,3 - Moderate,Category 20,Group 70,0.172,1,0,Low
INC0028911,3 - Moderate,Category 20,Group 70,0.172,1,0,Low
INC0033948,3 - Moderate,Category 26,Group 70,0.172,1,1,Low
INC0031934,3 - Moderate,Category 37,Group 46,0.171,1,0,Low
INC0032278,3 - Moderate,Category 26,Group 70,0.171,1,0,Low
INC0030224,3 - Moderate,Category 37,Group 46,0.171,1,0,Low
INC0031395,3 - Moderate,Category 32,Group 70,0.171,1,0,Low
INC0033442,3 - Moderate,Category 20,Group 70,0.171,1,0,Low
INC0029252,3 - Moderate,Category 26,Group 70,0.171,1,0,Low
INC0032249,3 - Moderate,Category 42,Group 70,0.171,1,0,Low
INC0033047,4 - Low,Category 26,Group 70,0.171,1,0,Low
INC0029355,3 - Moderate,Category 26,Group 70,0.171,1,1,Low
INC0032691,3 - Moderate,Category 46,Group 70,0.171,1,0,Low
INC0029646,3 - Moderate,Category 37,Group 46,0.171,1,0,Low
INC0029304,3 - Moderate,Category 42,Group 70,0.171,1,1,Low
INC0030342,3 - Moderate,Category 26,Group 70,0.171,1,0,Low
INC0029840,3 - Moderate,Category 37,Group 25,0.17,1,0,Low
INC0029485,3 - Moderate,Category 57,Group 65,0.17,1,0,Low
INC0031404,3 - Moderate,Category 37,Group 46,0.17,1,0,Low
INC0029895,3 - Moderate,Category 42,Group 70,0.17,1,1,Low
INC0030615,3 - Moderate,Category 32,Group 70,0.17,1,0,Low
INC0034393,3 - Moderate,Category 26,Group 70,0.17,1,0,Low
INC0033839,3 - Moderate,Category 26,Group 70,0.17,1,0,Low
INC0030451,3 - Moderate,Category 26,Group 70,0.17,1,0,Low
INC0030918,3 - Moderate,Category 42,Group 70,0.17,1,0,Low
INC0032811,3 - Moderate,Category 42,Group 70,0.17,1,0,Low
INC0029275,3 - Moderate,Category 42,Group 70,0.169,1,0,Low
INC0033582,3 - Moderate,Category 23,Group 20,0.169,1,0,Low
INC0031398,3 - Moderate,Category 9,Group 70,0.169,1,1,Low
INC0028667,3 - Moderate,Category 42,Group 70,0.169,1,0,Low
INC0033545,3 - Moderate,Category 43,Other,0.169,1,0,Low
INC0029288,3 - Moderate,Category 26,Group 70,0.169,1,0,Low
INC0032382,3 - Moderate,Category 42,Group 70,0.168,1,0,Low
INC0030881,3 - Moderate,Category 53,Group 70,0.168,1,0,Low
INC0034130,3 - Moderate,Category 37,Other,0.168,1,0,Low
INC0028900,3 - Moderate,Category 46,Group 70,0.168,1,0,Low
INC0029242,3 - Moderate,Category 26,Group 70,0.168,1,0,Low
INC0029235,3 - Moderate,Category 35,Group 70,0.168,1,0,Low
INC0030231,3 - Moderate,Category 42,Group 70,0.168,1,0,Low
INC0034233,3 - Moderate,Category 46,Group 70,0.168,1,0,Low
INC0032159,3 - Moderate,Category 37,Other,0.168,1,0,Low
INC0032203,3 - Moderate,Category 53,Group 70,0.168,1,0,Low
INC0030122,3 - Moderate,Category 26,Group 70,0.168,1,0,Low
INC0033333,3 - Moderate,Category 42,Group 70,0.168,1,0,Low
INC0033595,3 - Moderate,Category 37,Other,0.168,1,0,Low
INC0032385,3 - Moderate,Category 42,Group 70,0.168,1,0,Low
INC0032384,3 - Moderate,Category 42,Group 70,0.168,1,0,Low
INC0032383,3 - Moderate,Category 42,Group 70,0.168,1,0,Low
INC0034406,3 - Moderate,Category 42,Group 70,0.167,1,0,Low
INC0033342,3 - Moderate,Category 26,Group 70,0.167,1,0,Low
INC0033727,3 - Moderate,Category 37,Group 70,0.167,1,0,Low
INC0032888,3 - Moderate,Category 26,Group 70,0.167,1,0,Low
INC0031933,3 - Moderate,Category 40,Group 70,0.167,1,0,Low
INC0034160,3 - Moderate,Category 26,Group 70,0.167,1,1,Low
INC0033719,3 - Moderate,Category 37,Group 70,0.167,1,0,Low
INC0034356,3 - Moderate,Category 37,Group 70,0.167,1,0,Low
INC0031247,3 - Moderate,Category 42,Group 70,0.167,1,0,Low
INC0030093,3 - Moderate,Category 57,Group 24,0.167,1,1,Low
INC0032070,3 - Moderate,Category 28,Group 24,0.167,1,0,Low
INC0033621,3 - Moderate,Category 57,Group 65,0.166,1,1,Low
INC0030253,3 - Moderate,Category 42,Group 70,0.166,1,0,Low
INC0028313,3 - Moderate,Category 61,Group 70,0.166,1,0,Low
INC0030242,3 - Moderate,Category 42,Group 70,0.166,1,0,Low
INC0029356,3 - Moderate,Category 26,Group 70,0.166,1,0,Low
INC0029794,3 - Moderate,Category 23,Group 20,0.166,1,0,Low
INC0031122,3 - Moderate,Category 20,Group 70,0.166,1,0,Low
INC0033820,3 - Moderate,Category 26,Group 70,0.166,1,0,Low
INC0031908,3 - Moderate,Category 42,Group 70,0.166,1,0,Low
INC0030067,3 - Moderate,Category 42,Group 70,0.166,1,0,Low
INC0031059,3 - Moderate,Category 26,Group 70,0.166,1,0,Low
INC0034264,3 - Moderate,Category 26,Group 70,0.166,1,0,Low
INC0032845,3 - Moderate,Category 53,Group 70,0.166,1,0,Low
INC0029588,3 - Moderate,Category 9,Group 27,0.166,1,0,Low
INC0029931,3 - Moderate,Category 20,Group 70,0.166,1,0,Low
INC0032894,3 - Moderate,Category 26,Group 70,0.166,1,0,Low
INC0031676,3 - Moderate,Category 28,Group 70,0.165,1,0,Low
INC0029754,3 - Moderate,Category 26,Group 70,0.165,1,0,Low
INC0029773,3 - Moderate,Category 37,Other,0.165,1,0,Low
INC0029337,3 - Moderate,Category 37,Other,0.165,1,0,Low
INC0034148,3 - Moderate,Category 57,Group 70,0.165,1,0,Low
INC0033603,3 - Moderate,Category 43,Group 39,0.165,1,0,Low
INC0032776,3 - Moderate,Category 42,Group 70,0.165,1,0,Low
INC0030729,3 - Moderate,Category 42,Group 70,0.165,1,0,Low
INC0030217,3 - Moderate,Category 9,Group 30,0.164,1,0,Low
INC0032985,3 - Moderate,Category 20,Group 70,0.164,1,1,Low
INC0032886,3 - Moderate,Category 57,Group 70,0.164,1,0,Low
INC0033837,3 - Moderate,Category 37,Group 70,0.164,1,0,Low
INC0030344,3 - Moderate,Category 20,Group 70,0.164,1,0,Low
INC0032895,3 - Moderate,Category 20,Group 70,0.164,1,0,Low
INC0030214,3 - Moderate,Category 9,Group 30,0.164,1,0,Low
INC0032252,3 - Moderate,Category 9,Group 27,0.164,1,0,Low
INC0029804,3 - Moderate,Category 42,Group 70,0.164,1,0,Low
INC0029548,3 - Moderate,Category 46,Group 39,0.164,1,0,Low
INC0031155,3 - Moderate,Category 24,Group 70,0.164,1,0,Low
INC0032796,3 - Moderate,Category 53,Group 70,0.164,1,0,Low
INC0031319,3 - Moderate,Category 26,Group 70,0.164,1,0,Low
INC0029800,3 - Moderate,Category 42,Group 70,0.164,1,0,Low
INC0031223,3 - Moderate,Category 53,Group 70,0.163,1,1,Low
INC0029292,3 - Moderate,Category 26,Group 70,0.163,1,0,Low
INC0029772,3 - Moderate,Category 61,Group 73,0.163,1,1,Low
INC0030770,3 - Moderate,Category 46,Group 70,0.163,1,0,Low
INC0031181,3 - Moderate,Category 53,Group 70,0.163,1,0,Low
INC0031192,3 - Moderate,Category 42,Group 70,0.163,1,0,Low
INC0030653,3 - Moderate,Category 37,Other,0.163,1,0,Low
INC0033007,3 - Moderate,Category 34,Group 23,0.163,1,0,Low
INC0028721,3 - Moderate,Category 53,Group 70,0.163,1,0,Low
INC0033954,3 - Moderate,Category 26,Group 70,0.163,1,1,Low
INC0028974,3 - Moderate,Category 20,Group 70,0.162,1,0,Low
INC0032121,3 - Moderate,Category 26,Group 70,0.162,1,0,Low
INC0034178,3 - Moderate,Category 13,Group 70,0.162,1,1,Low
INC0029438,3 - Moderate,Category 23,Group 20,0.162,1,0,Low
INC0031806,3 - Moderate,Category 46,Group 70,0.162,1,0,Low
INC0028365,3 - Moderate,Category 53,Group 70,0.162,1,0,Low
INC0083217,3 - Moderate,Other,Group 70,0.162,1,0,Low
INC0028666,3 - Moderate,Category 53,Group 70,0.162,1,0,Low
INC0044260,3 - Moderate,Other,Group 70,0.162,1,0,Low
INC0030835,3 - Moderate,Category 53,Group 70,0.162,1,0,Low
INC0032715,3 - Moderate,Category 26,Group 70,0.162,1,0,Low
INC0030462,3 - Moderate,Category 46,Group 70,0.162,1,0,Low
INC0033567,3 - Moderate,Category 9,Group 27,0.162,1,0,Low
INC0033575,3 - Moderate,Category 9,Group 27,0.162,1,0,Low
INC0033521,3 - Moderate,Category 20,Group 70,0.161,1,0,Low
INC0030932,3 - Moderate,Category 53,Group 70,0.161,1,0,Low
INC0108374,3 - Moderate,Other,Group 70,0.161,1,0,Low
INC0033738,3 - Moderate,Category 61,Group 73,0.161,1,0,Low
INC0081177,3 - Moderate,Other,Group 70,0.161,1,0,Low
INC0031151,3 - Moderate,Category 24,Group 70,0.161,1,0,Low
INC0032832,3 - Moderate,Category 42,Group 70,0.161,1,0,Low
INC0029153,3 - Moderate,Category 37,Other,0.161,1,0,Low
INC0032838,3 - Moderate,Category 42,Group 70,0.161,1,0,Low
INC0031600,3 - Moderate,Category 26,Group 70,0.161,1,0,Low
INC0033291,3 - Moderate,Category 42,Group 70,0.16,1,0,Low
INC0033672,3 - Moderate,Category 28,Group 70,0.16,1,0,Low
INC0034132,3 - Moderate,Category 42,Group 55,0.16,1,0,Low
INC0034255,3 - Moderate,Category 32,Group 70,0.16,1,0,Low
INC0033683,3 - Moderate,Category 28,Group 70,0.16,1,0,Low
INC0030486,3 - Moderate,Category 20,Group 70,0.16,1,0,Low
INC0031134,3 - Moderate,Category 46,Group 70,0.16,1,1,Low
INC0030054,3 - Moderate,Category 42,Group 70,0.159,1,0,Low
INC0030742,3 - Moderate,Category 20,Group 70,0.159,1,0,Low
INC0031759,3 - Moderate,Category 24,Group 24,0.159,1,0,Low
INC0029277,3 - Moderate,Category 42,Group 70,0.159,1,0,Low
INC0031720,3 - Moderate,Category 26,Group 70,0.159,1,0,Low
INC0032829,3 - Moderate,Category 42,Group 55,0.159,1,0,Low
INC0032833,3 - Moderate,Category 42,Group 55,0.159,1,1,Low
INC0030479,3 - Moderate,Category 9,Group 30,0.159,1,0,Low
INC0032364,3 - Moderate,Category 19,Group 54,0.159,1,1,Low
INC0033338,3 - Moderate,Category 42,Group 70,0.159,1,0,Low
INC0032487,3 - Moderate,Category 53,Group 70,0.158,1,0,Low
INC0030608,3 - Moderate,Category 26,Group 70,0.158,1,0,Low
INC0033124,3 - Moderate,Category 26,Group 70,0.158,1,0,Low
INC0033091,3 - Moderate,Category 53,Group 70,0.158,1,0,Low
INC0028635,3 - Moderate,Category 13,Group 70,0.158,1,1,Low
INC0077924,3 - Moderate,Other,Group 70,0.158,1,0,Low
INC0033020,3 - Moderate,Category 20,Group 70,0.158,1,1,Low
INC0033440,3 - Moderate,Category 61,Group 73,0.158,1,0,Low
INC0029470,3 - Moderate,Category 19,Group 54,0.158,1,0,Low
INC0029226,3 - Moderate,Category 26,Group 70,0.158,1,0,Low
INC0032574,3 - Moderate,Category 32,Group 70,0.158,1,0,Low
INC0032560,3 - Moderate,Category 42,Group 70,0.158,1,0,Low
INC0029207,3 - Moderate,Category 32,Group 70,0.158,1,0,Low
INC0032450,3 - Moderate,Category 28,Group 70,0.157,1,1,Low
INC0032848,3 - Moderate,Category 26,Group 70,0.157,1,0,Low
INC0031859,3 - Moderate,Category 37,Group 46,0.157,1,0,Low
INC0028885,3 - Moderate,Category 26,Group 70,0.157,1,0,Low
INC0032675,3 - Moderate,Category 42,Group 55,0.157,1,0,Low
INC0029732,3 - Moderate,Category 40,Group 70,0.157,1,0,Low
INC0029073,3 - Moderate,Category 37,Other,0.157,1,0,Low
INC0031447,3 - Moderate,Category 17,Group 69,0.157,1,0,Low
INC0030509,3 - Moderate,Category 20,Group 70,0.156,1,1,Low
INC0030542,3 - Moderate,Category 42,Group 70,0.156,1,0,Low
INC0033883,3 - Moderate,Category 37,Group 46,0.156,1,0,Low
INC0029638,3 - Moderate,Category 53,Group 70,0.156,1,0,Low
INC0031798,3 - Moderate,Category 26,Group 70,0.156,1,0,Low
INC0030750,3 - Moderate,Category 26,Group 70,0.156,1,0,Low
INC0029591,3 - Moderate,Category 26,Group 70,0.156,1,0,Low
INC0029717,3 - Moderate,Category 42,Group 70,0.156,1,0,Low
INC0029330,3 - Moderate,Category 42,Group 70,0.156,1,0,Low
INC0032502,3 - Moderate,Category 42,Group 70,0.156,1,1,Low
INC0032641,3 - Moderate,Category 37,Group 70,0.155,1,0,Low
INC0032020,3 - Moderate,Category 20,Group 70,0.155,1,0,Low
INC0035024,3 - Moderate,Other,Group 70,0.155,1,0,Low
INC0034401,3 - Moderate,Category 20,Group 70,0.155,1,0,Low
INC0030279,3 - Moderate,Category 57,Group 24,0.155,1,0,Low
INC0030382,3 - Moderate,Category 51,Group 70,0.155,1,0,Low
INC0029249,3 - Moderate,Category 42,Group 70,0.155,1,0,Low
INC0030107,3 - Moderate,Category 53,Group 70,0.155,1,0,Low
INC0033929,3 - Moderate,Category 37,Group 70,0.155,1,0,Low
INC0032137,3 - Moderate,Category 26,Group 70,0.155,1,0,Low
INC0033687,3 - Moderate,Category 37,Group 70,0.155,1,0,Low
INC0032774,3 - Moderate,Category 42,Group 70,0.155,1,0,Low
INC0031745,3 - Moderate,Category 26,Group 70,0.154,1,0,Low
INC0031426,3 - Moderate,Category 20,Group 70,0.154,1,1,Low
INC0029055,3 - Moderate,Category 61,Group 73,0.154,1,0,Low
INC0034229,3 - Moderate,Category 37,Group 70,0.154,1,0,Low
INC0033662,3 - Moderate,Category 42,Group 70,0.154,1,0,Low
INC0030748,3 - Moderate,Category 42,Group 70,0.154,1,0,Low
INC0032753,3 - Moderate,Category 42,Group 70,0.154,1,0,Low
INC0029183,3 - Moderate,Category 40,Group 70,0.154,1,0,Low
INC0032805,3 - Moderate,Category 26,Group 70,0.154,1,0,Low
INC0030042,3 - Moderate,Category 26,Group 70,0.153,1,0,Low
INC0032105,3 - Moderate,Category 23,Group 20,0.153,1,1,Low
INC0028741,3 - Moderate,Category 53,Group 24,0.153,1,0,Low
INC0032024,3 - Moderate,Category 26,Group 70,0.153,1,0,Low
INC0032285,3 - Moderate,Category 53,Group 70,0.153,1,0,Low
INC0031203,3 - Moderate,Category 26,Group 70,0.153,1,0,Low
INC0031106,4 - Low,Category 53,Group 66,0.153,1,0,Low
INC0033222,3 - Moderate,Category 26,Group 70,0.152,1,0,Low
INC0029305,3 - Moderate,Category 53,Group 70,0.152,1,0,Low
INC0032120,3 - Moderate,Category 32,Group 70,0.152,1,0,Low
INC0028405,3 - Moderate,Category 53,Group 70,0.152,1,0,Low
INC0029686,3 - Moderate,Category 37,Group 70,0.152,1,0,Low
INC0030433,3 - Moderate,Category 9,Group 24,0.152,1,0,Low
INC0030505,3 - Moderate,Category 28,Group 70,0.152,1,0,Low
INC0030846,3 - Moderate,Category 26,Group 70,0.152,1,0,Low
INC0030686,3 - Moderate,Category 26,Group 70,0.151,1,0,Low
INC0029486,3 - Moderate,Category 57,Group 65,0.151,1,0,Low
INC0031542,3 - Moderate,Category 26,Group 70,0.151,1,0,Low
INC0029948,3 - Moderate,Category 26,Group 70,0.151,1,0,Low
INC0030227,3 - Moderate,Category 42,Group 70,0.151,1,0,Low
INC0032078,3 - Moderate,Category 37,Other,0.151,1,1,Low
INC0028764,3 - Moderate,Category 20,Group 70,0.151,1,0,Low
INC0029403,3 - Moderate,Category 42,Group 70,0.151,1,0,Low
INC0030126,3 - Moderate,Category 20,Group 70,0.151,1,0,Low
INC0034407,3 - Moderate,Category 26,Group 70,0.151,1,0,Low
INC0032204,3 - Moderate,Category 26,Group 70,0.151,1,0,Low
INC0030448,3 - Moderate,Category 24,Group 24,0.151,1,1,Low
INC0030391,3 - Moderate,Category 26,Group 70,0.15,1,1,Low
INC0030051,3 - Moderate,Category 20,Group 70,0.15,1,0,Low
INC0034362,3 - Moderate,Category 37,Group 70,0.15,1,0,Low
INC0032021,3 - Moderate,Category 46,Group 70,0.15,1,0,Low
INC0029881,3 - Moderate,Category 20,Group 70,0.15,1,0,Low
INC0031495,3 - Moderate,Category 26,Group 70,0.15,1,0,Low
INC0030239,3 - Moderate,Category 42,Group 70,0.15,1,0,Low
INC0031139,3 - Moderate,Category 26,Group 70,0.15,1,0,Low
INC0031678,3 - Moderate,Category 20,Group 70,0.15,1,0,Low
INC0029439,3 - Moderate,Category 26,Group 70,0.15,1,0,Low
INC0029658,3 - Moderate,Category 26,Group 70,0.149,1,0,Low
INC0031609,3 - Moderate,Category 20,Group 70,0.149,1,0,Low
INC0029722,3 - Moderate,Category 26,Group 70,0.149,1,0,Low
INC0029968,3 - Moderate,Category 26,Group 70,0.149,1,0,Low
INC0028604,3 - Moderate,Category 42,Other,0.149,1,0,Low
INC0030514,3 - Moderate,Category 46,Group 70,0.149,1,1,Low
INC0031632,3 - Moderate,Category 17,Group 70,0.149,1,0,Low
INC0030034,3 - Moderate,Category 53,Group 70,0.149,1,0,Low
INC0032037,3 - Moderate,Category 46,Group 39,0.149,1,0,Low
INC0032545,3 - Moderate,Category 53,Group 70,0.149,1,0,Low
INC0033053,3 - Moderate,Category 28,Group 70,0.149,1,1,Low
INC0032831,3 - Moderate,Category 34,Group 24,0.149,1,0,Low
INC0030445,3 - Moderate,Category 26,Group 70,0.148,1,0,Low
INC0028364,3 - Moderate,Category 26,Group 70,0.148,1,0,Low
INC0028415,3 - Moderate,Category 26,Group 70,0.148,1,1,Low
INC0031128,3 - Moderate,Category 32,Group 70,0.148,1,1,Low
INC0032510,3 - Moderate,Category 13,Group 70,0.148,1,0,Low
INC0033163,3 - Moderate,Category 40,Group 70,0.148,1,1,Low
INC0032036,3 - Moderate,Category 26,Group 70,0.148,1,0,Low
INC0033692,3 - Moderate,Category 20,Group 70,0.148,1,0,Low
INC0033388,3 - Moderate,Category 26,Group 70,0.148,1,1,Low
INC0033858,3 - Moderate,Category 20,Group 70,0.148,1,0,Low
INC0032202,3 - Moderate,Category 37,Group 70,0.148,1,0,Low
INC0034069,3 - Moderate,Category 26,Group 70,0.148,1,1,Low
INC0028854,3 - Moderate,Category 42,Group 55,0.148,1,0,Low
INC0031574,3 - Moderate,Category 42,Group 70,0.148,1,0,Low
INC0031662,3 - Moderate,Category 20,Group 70,0.148,1,0,Low
INC0028480,3 - Moderate,Category 57,Other,0.147,1,0,Low
INC0030971,3 - Moderate,Category 26,Group 70,0.147,1,0,Low
INC0028824,3 - Moderate,Category 53,Group 70,0.147,1,0,Low
INC0030967,3 - Moderate,Category 28,Group 70,0.147,1,1,Low
INC0031911,3 - Moderate,Category 26,Group 70,0.147,1,0,Low
INC0032676,3 - Moderate,Category 26,Group 70,0.147,1,0,Low
INC0031306,3 - Moderate,Category 53,Group 70,0.147,1,0,Low
INC0030364,3 - Moderate,Category 20,Group 70,0.147,1,0,Low
INC0030996,3 - Moderate,Category 24,Group 70,0.147,1,0,Low
INC0029410,3 - Moderate,Category 26,Group 70,0.147,1,0,Low
INC0033215,3 - Moderate,Category 37,Other,0.147,1,1,Low
INC0034289,3 - Moderate,Category 53,Group 70,0.147,1,0,Low
INC0028982,3 - Moderate,Category 53,Group 70,0.147,1,0,Low
INC0030783,3 - Moderate,Category 24,Group 70,0.147,1,0,Low
INC0029124,3 - Moderate,Category 53,Group 70,0.147,1,0,Low
INC0029880,3 - Moderate,Category 46,Group 70,0.147,1,0,Low
INC0029876,3 - Moderate,Category 46,Group 70,0.147,1,0,Low
INC0033142,3 - Moderate,Category 26,Group 70,0.147,1,0,Low
INC0030411,3 - Moderate,Category 20,Group 70,0.147,1,0,Low
INC0031184,3 - Moderate,Category 53,Group 70,0.146,1,0,Low
INC0029749,3 - Moderate,Category 42,Group 70,0.146,1,0,Low
INC0032062,3 - Moderate,Category 26,Group 70,0.146,1,0,Low
INC0030789,3 - Moderate,Category 26,Group 70,0.146,1,0,Low
INC0034251,3 - Moderate,Category 20,Group 70,0.146,1,0,Low
INC0028654,3 - Moderate,Category 53,Group 70,0.146,1,0,Low
INC0032993,3 - Moderate,Category 26,Group 70,0.146,1,0,Low
INC0034023,3 - Moderate,Category 53,Group 70,0.146,1,0,Low
INC0029136,3 - Moderate,Category 42,Group 55,0.146,1,0,Low
INC0033028,3 - Moderate,Category 20,Group 70,0.146,1,1,Low
INC0030544,3 - Moderate,Category 26,Group 70,0.146,1,0,Low
INC0032613,3 - Moderate,Category 20,Group 70,0.146,1,0,Low
INC0031206,4 - Low,Category 57,Group 51,0.145,1,0,Low
INC0030069,3 - Moderate,Category 20,Group 70,0.145,1,0,Low
INC0030336,3 - Moderate,Category 32,Group 70,0.145,1,0,Low
INC0030464,3 - Moderate,Category 24,Group 70,0.145,1,0,Low
INC0032500,3 - Moderate,Category 26,Group 70,0.145,1,1,Low
INC0029318,3 - Moderate,Category 46,Group 70,0.145,1,0,Low
INC0034252,3 - Moderate,Category 26,Group 70,0.145,1,0,Low
INC0031937,3 - Moderate,Category 40,Group 70,0.145,1,0,Low
INC0033002,3 - Moderate,Category 35,Group 70,0.145,1,1,Low
INC0033908,3 - Moderate,Category 20,Group 70,0.145,1,0,Low
INC0031367,3 - Moderate,Category 42,Group 70,0.145,1,0,Low
INC0033833,3 - Moderate,Category 26,Group 70,0.145,1,0,Low
INC0031232,3 - Moderate,Category 26,Group 70,0.144,1,0,Low
INC0046271,3 - Moderate,Other,Group 70,0.144,1,0,Low
INC0029590,3 - Moderate,Category 42,Group 70,0.144,1,0,Low
INC0030046,3 - Moderate,Category 37,Group 70,0.144,1,0,Low
INC0033561,3 - Moderate,Category 9,Group 27,0.144,1,0,Low
INC0033562,3 - Moderate,Category 51,Group 54,0.144,1,0,Low
INC0029887,3 - Moderate,Category 42,Group 70,0.144,1,1,Low
INC0029270,3 - Moderate,Category 42,Group 70,0.144,1,0,Low
INC0032261,3 - Moderate,Category 37,Group 70,0.144,1,0,Low
INC0029220,3 - Moderate,Category 53,Group 70,0.144,1,0,Low
INC0029222,3 - Moderate,Category 42,Group 70,0.144,1,1,Low
INC0029985,3 - Moderate,Category 37,Group 70,0.144,1,0,Low
INC0033622,3 - Moderate,Category 9,Group 27,0.144,1,0,Low
INC0030527,3 - Moderate,Category 42,Group 70,0.144,1,0,Low
INC0087967,3 - Moderate,Other,Group 70,0.144,1,0,Low
INC0032164,3 - Moderate,Category 42,Group 70,0.144,1,0,Low
INC0032180,3 - Moderate,Category 42,Group 70,0.144,1,0,Low
INC0028627,3 - Moderate,Category 20,Group 70,0.144,1,0,Low
INC0031730,3 - Moderate,Category 26,Group 70,0.143,1,0,Low
INC0029104,3 - Moderate,Category 34,Group 70,0.143,1,0,Low
INC0034409,3 - Moderate,Category 32,Group 70,0.143,1,0,Low
INC0033396,3 - Moderate,Category 37,Other,0.143,1,0,Low
INC0033417,3 - Moderate,Category 26,Group 70,0.143,1,1,Low
INC0030143,3 - Moderate,Category 46,Group 70,0.143,1,0,Low
INC0029877,3 - Moderate,Category 26,Group 70,0.143,1,1,Low
INC0034342,3 - Moderate,Category 53,Group 70,0.143,1,0,Low
INC0030705,3 - Moderate,Category 9,Group 24,0.143,1,0,Low
INC0029905,3 - Moderate,Category 24,Group 23,0.143,1,0,Low
INC0030753,3 - Moderate,Category 42,Group 55,0.143,1,0,Low
INC0033721,3 - Moderate,Category 20,Group 70,0.143,1,0,Low
INC0029618,3 - Moderate,Category 53,Group 70,0.143,1,0,Low
INC0034239,3 - Moderate,Category 37,Group 70,0.143,1,0,Low
INC0028821,3 - Moderate,Category 26,Group 70,0.143,1,0,Low
INC0029950,3 - Moderate,Category 24,Group 23,0.143,1,0,Low
INC0028429,3 - Moderate,Category 26,Group 70,0.143,1,1,Low
INC0028324,3 - Moderate,Category 42,Group 55,0.143,1,0,Low
INC0030658,3 - Moderate,Category 42,Group 70,0.143,1,0,Low
INC0029682,3 - Moderate,Category 26,Group 70,0.143,1,0,Low
INC0030906,3 - Moderate,Category 26,Group 70,0.142,1,1,Low
INC0032559,3 - Moderate,Category 42,Group 70,0.142,1,0,Low
INC0029683,3 - Moderate,Category 42,Group 70,0.142,1,0,Low
INC0029677,3 - Moderate,Category 42,Group 70,0.142,1,0,Low
INC0029106,3 - Moderate,Category 53,Group 24,0.142,1,0,Low
INC0030699,3 - Moderate,Category 53,Group 70,0.142,1,0,Low
INC0029684,3 - Moderate,Category 42,Group 70,0.142,1,0,Low
INC0029257,4 - Low,Category 46,Other,0.142,1,0,Low
INC0029163,3 - Moderate,Category 42,Group 70,0.142,1,1,Low
INC0033266,3 - Moderate,Category 26,Group 70,0.142,1,0,Low
INC0029906,3 - Moderate,Category 37,Group 46,0.142,1,0,Low
INC0033952,3 - Moderate,Category 26,Group 70,0.142,1,1,Low
INC0031897,3 - Moderate,Category 42,Group 70,0.142,1,0,Low
INC0032323,3 - Moderate,Category 32,Group 70,0.141,1,0,Low
INC0030335,3 - Moderate,Category 53,Group 70,0.141,1,0,Low
INC0028827,3 - Moderate,Category 9,Group 24,0.141,1,0,Low
INC0029328,3 - Moderate,Category 42,Group 70,0.141,1,1,Low
INC0031260,3 - Moderate,Category 37,Group 46,0.141,1,0,Low
INC0030905,3 - Moderate,Category 20,Group 70,0.141,1,0,Low
INC0029015,3 - Moderate,Category 26,Group 70,0.141,1,0,Low
INC0033049,3 - Moderate,Category 26,Group 70,0.141,1,0,Low
INC0031490,3 - Moderate,Category 53,Group 70,0.141,1,0,Low
INC0034364,3 - Moderate,Category 53,Group 70,0.141,1,0,Low
INC0033061,3 - Moderate,Category 37,Group 70,0.141,1,0,Low
INC0030228,3 - Moderate,Category 9,Group 70,0.141,1,0,Low
INC0034320,3 - Moderate,Category 37,Group 70,0.141,1,0,Low
INC0031088,3 - Moderate,Category 37,Group 46,0.14,1,0,Low
INC0033214,3 - Moderate,Category 40,Group 70,0.14,1,1,Low
INC0034357,3 - Moderate,Category 26,Group 70,0.14,1,0,Low
INC0031479,3 - Moderate,Category 57,Group 24,0.14,1,0,Low
INC0029209,3 - Moderate,Category 42,Group 70,0.14,1,0,Low
INC0029261,3 - Moderate,Category 9,Group 23,0.14,1,0,Low
INC0030949,3 - Moderate,Category 26,Group 70,0.14,1,0,Low
INC0034381,3 - Moderate,Category 26,Group 70,0.14,1,0,Low
INC0029996,3 - Moderate,Category 26,Group 70,0.14,1,0,Low
INC0031327,3 - Moderate,Category 26,Group 70,0.14,1,1,Low
INC0028699,3 - Moderate,Category 38,Group 70,0.14,1,0,Low
INC0031816,3 - Moderate,Category 37,Group 46,0.14,1,0,Low
INC0029167,3 - Moderate,Category 53,Group 70,0.14,1,0,Low
INC0031420,3 - Moderate,Category 20,Group 70,0.14,1,0,Low
INC0033695,3 - Moderate,Category 26,Group 70,0.14,1,0,Low
INC0048357,3 - Moderate,Other,Group 70,0.14,1,0,Low
INC0031953,3 - Moderate,Category 9,Group 27,0.14,1,0,Low
INC0030096,3 - Moderate,Category 53,Group 54,0.14,1,0,Low
INC0033389,3 - Moderate,Category 37,Other,0.14,1,0,Low
INC0033510,3 - Moderate,Category 20,Group 70,0.14,1,0,Low
INC0030983,3 - Moderate,Category 9,Group 70,0.14,1,0,Low
INC0029010,3 - Moderate,Category 26,Group 70,0.14,1,1,Low
INC0028971,3 - Moderate,Category 53,Group 70,0.14,1,0,Low
INC0034196,3 - Moderate,Category 26,Group 70,0.139,1,0,Low
INC0033852,3 - Moderate,Category 20,Group 70,0.139,1,0,Low
INC0030751,3 - Moderate,Category 32,Group 70,0.139,1,0,Low
INC0030241,3 - Moderate,Category 42,Group 70,0.139,1,0,Low
INC0031659,3 - Moderate,Category 42,Group 70,0.139,1,0,Low
INC0031910,3 - Moderate,Category 20,Group 70,0.139,1,0,Low
INC0033041,3 - Moderate,Category 26,Group 70,0.139,1,0,Low
INC0032320,3 - Moderate,Category 53,Group 70,0.139,1,0,Low
INC0030873,3 - Moderate,Category 26,Group 70,0.139,1,0,Low
INC0033878,3 - Moderate,Category 46,Group 70,0.139,1,0,Low
INC0029326,3 - Moderate,Category 32,Group 70,0.139,1,0,Low
INC0034355,3 - Moderate,Category 26,Group 70,0.139,1,0,Low
INC0029884,3 - Moderate,Category 20,Group 70,0.139,1,0,Low
INC0029346,3 - Moderate,Category 37,Group 70,0.138,1,0,Low
INC0030062,3 - Moderate,Category 20,Group 70,0.138,1,0,Low
INC0029697,3 - Moderate,Category 53,Group 24,0.138,1,0,Low
INC0034146,3 - Moderate,Category 37,Group 70,0.138,1,0,Low
INC0032591,3 - Moderate,Category 53,Group 70,0.138,1,0,Low
INC0030738,3 - Moderate,Category 9,Group 24,0.138,1,0,Low
INC0029193,3 - Moderate,Category 40,Group 70,0.138,1,0,Low
INC0031712,3 - Moderate,Category 26,Group 70,0.138,1,0,Low
INC0033885,3 - Moderate,Category 51,Group 70,0.138,1,0,Low
INC0032665,3 - Moderate,Category 53,Group 70,0.138,1,0,Low
INC0032195,3 - Moderate,Category 42,Group 70,0.138,1,0,Low
INC0029165,3 - Moderate,Category 42,Group 70,0.137,1,0,Low
INC0033160,3 - Moderate,Category 26,Group 70,0.137,1,0,Low
INC0032245,3 - Moderate,Category 53,Group 70,0.137,1,0,Low
INC0031414,3 - Moderate,Category 46,Group 58,0.137,1,0,Low
INC0029908,3 - Moderate,Category 37,Group 46,0.137,1,0,Low
INC0032208,3 - Moderate,Category 42,Group 70,0.137,1,0,Low
INC0033537,3 - Moderate,Category 26,Group 70,0.137,1,0,Low
INC0033212,3 - Moderate,Category 26,Group 70,0.137,1,0,Low
INC0031601,3 - Moderate,Category 42,Group 70,0.137,1,0,Low
INC0033126,3 - Moderate,Category 32,Group 70,0.136,1,1,Low
INC0028564,3 - Moderate,Category 26,Group 70,0.136,1,0,Low
INC0032083,3 - Moderate,Category 42,Group 70,0.136,1,0,Low
INC0033267,3 - Moderate,Category 37,Group 70,0.136,1,0,Low
INC0032875,3 - Moderate,Category 19,Group 24,0.136,1,0,Low
INC0033884,3 - Moderate,Category 28,Group 70,0.136,1,1,Low
INC0029092,3 - Moderate,Category 26,Group 70,0.136,1,0,Low
INC0033847,3 - Moderate,Category 53,Group 70,0.136,1,0,Low
INC0029463,3 - Moderate,Category 26,Group 70,0.136,1,0,Low
INC0033462,3 - Moderate,Category 26,Group 70,0.136,1,0,Low
INC0029893,3 - Moderate,Category 26,Group 70,0.136,1,0,Low
INC0033832,3 - Moderate,Category 53,Group 70,0.136,1,1,Low
INC0028769,3 - Moderate,Category 24,Group 70,0.136,1,1,Low
INC0030804,3 - Moderate,Category 26,Group 70,0.136,1,0,Low
INC0030800,3 - Moderate,Category 26,Group 70,0.136,1,0,Low
INC0031418,3 - Moderate,Category 53,Group 70,0.135,1,1,Low
INC0034244,3 - Moderate,Category 57,Group 24,0.135,1,0,Low
INC0033540,3 - Moderate,Category 9,Group 27,0.135,1,1,Low
INC0029264,3 - Moderate,Category 24,Group 23,0.135,1,0,Low
INC0032011,3 - Moderate,Category 42,Group 70,0.135,1,0,Low
INC0028450,3 - Moderate,Category 53,Group 70,0.135,1,0,Low
INC0029992,3 - Moderate,Category 32,Group 70,0.135,1,0,Low
INC0030141,3 - Moderate,Category 42,Group 70,0.135,1,0,Low
INC0031616,3 - Moderate,Category 32,Group 70,0.135,1,0,Low
INC0033554,3 - Moderate,Category 9,Group 27,0.135,1,0,Low
INC0034053,3 - Moderate,Category 46,Group 70,0.135,1,0,Low
INC0030997,3 - Moderate,Category 24,Group 70,0.135,1,0,Low
INC0033651,3 - Moderate,Category 34,Group 24,0.134,1,0,Low
INC0031451,3 - Moderate,Category 20,Group 70,0.134,1,0,Low
INC0031656,3 - Moderate,Category 26,Group 70,0.134,1,0,Low
INC0029464,3 - Moderate,Category 26,Group 70,0.134,1,0,Low
INC0033512,3 - Moderate,Category 20,Group 70,0.134,1,0,Low
INC0028680,3 - Moderate,Category 32,Group 70,0.134,1,0,Low
INC0028799,3 - Moderate,Category 37,Group 46,0.134,1,0,Low
INC0032501,3 - Moderate,Category 20,Group 70,0.134,1,0,Low
INC0029898,3 - Moderate,Category 20,Group 70,0.134,1,0,Low
INC0030038,3 - Moderate,Category 26,Group 70,0.134,1,0,Low
INC0029556,3 - Moderate,Category 46,Group 70,0.134,1,0,Low
INC0031480,3 - Moderate,Category 19,Group 30,0.134,1,0,Low
INC0029070,3 - Moderate,Category 26,Group 70,0.134,1,0,Low
INC0030555,3 - Moderate,Category 38,Group 70,0.134,1,0,Low
INC0030687,3 - Moderate,Category 32,Group 70,0.134,1,0,Low
INC0032187,3 - Moderate,Category 26,Group 70,0.134,1,0,Low
INC0030841,3 - Moderate,Category 20,Group 70,0.134,1,0,Low
INC0034369,3 - Moderate,Category 53,Group 70,0.134,1,0,Low
INC0031200,3 - Moderate,Category 24,Group 23,0.134,1,0,Low
INC0032131,3 - Moderate,Category 42,Group 70,0.134,1,1,Low
INC0030870,3 - Moderate,Category 26,Group 70,0.134,1,0,Low
INC0032425,3 - Moderate,Category 40,Group 70,0.133,1,1,Low
INC0029727,3 - Moderate,Category 42,Group 70,0.133,1,0,Low
INC0033658,3 - Moderate,Category 26,Group 70,0.133,1,1,Low
INC0029381,3 - Moderate,Category 26,Group 70,0.133,1,0,Low
INC0031536,3 - Moderate,Category 26,Group 70,0.133,1,0,Low
INC0030896,3 - Moderate,Category 57,Group 24,0.133,1,0,Low
INC0032484,3 - Moderate,Category 53,Group 70,0.133,1,0,Low
INC0030806,3 - Moderate,Category 9,Group 24,0.133,1,0,Low
INC0031791,3 - Moderate,Category 57,Other,0.133,1,1,Low
INC0032932,3 - Moderate,Category 53,Group 70,0.133,1,0,Low
INC0030360,3 - Moderate,Category 53,Group 70,0.133,1,0,Low
INC0030254,3 - Moderate,Category 42,Group 70,0.133,1,0,Low
INC0029204,3 - Moderate,Category 37,Group 70,0.133,1,0,Low
INC0031033,3 - Moderate,Category 20,Group 70,0.133,1,0,Low
INC0031856,3 - Moderate,Category 37,Other,0.132,1,0,Low
INC0032363,3 - Moderate,Category 37,Group 70,0.132,1,0,Low
INC0033004,3 - Moderate,Category 26,Group 70,0.132,1,0,Low
INC0029210,3 - Moderate,Category 20,Group 70,0.132,1,0,Low
INC0033012,3 - Moderate,Category 26,Group 70,0.132,1,0,Low
INC0031655,3 - Moderate,Category 42,Group 70,0.132,1,0,Low
INC0031624,3 - Moderate,Category 42,Group 70,0.132,1,0,Low
INC0031394,3 - Moderate,Category 37,Group 70,0.132,1,0,Low
INC0030121,3 - Moderate,Category 53,Group 24,0.132,1,0,Low
INC0033497,3 - Moderate,Category 57,Other,0.132,1,1,Low
INC0031077,3 - Moderate,Category 32,Group 70,0.131,1,0,Low
INC0034014,3 - Moderate,Category 7,Group 70,0.131,1,0,Low
INC0031724,3 - Moderate,Category 26,Group 70,0.131,1,0,Low
INC0033815,3 - Moderate,Category 28,Group 70,0.131,1,0,Low
INC0030125,3 - Moderate,Category 20,Group 70,0.131,1,1,Low
INC0030698,3 - Moderate,Category 9,Group 24,0.131,1,0,Low
INC0031635,3 - Moderate,Category 26,Group 70,0.131,1,0,Low
INC0030879,3 - Moderate,Category 26,Group 70,0.131,1,0,Low
INC0031435,3 - Moderate,Category 26,Group 70,0.131,1,0,Low
INC0028464,3 - Moderate,Category 32,Group 70,0.13,1,1,Low
INC0028596,3 - Moderate,Category 26,Group 70,0.13,1,0,Low
INC0030667,3 - Moderate,Category 26,Group 70,0.13,1,0,Low
INC0030629,3 - Moderate,Category 26,Group 70,0.13,1,1,Low
INC0030669,3 - Moderate,Category 26,Group 70,0.13,1,0,Low
INC0031432,3 - Moderate,Category 26,Group 70,0.13,1,0,Low
INC0029589,3 - Moderate,Category 53,Group 70,0.13,1,0,Low
INC0032878,3 - Moderate,Category 26,Group 70,0.13,1,0,Low
INC0030885,3 - Moderate,Category 32,Group 70,0.13,1,0,Low
INC0029904,3 - Moderate,Category 53,Group 70,0.13,1,0,Low
INC0031714,3 - Moderate,Category 42,Group 70,0.13,1,0,Low
INC0033895,3 - Moderate,Category 26,Group 70,0.13,1,0,Low
INC0029131,3 - Moderate,Category 26,Group 70,0.13,1,1,Low
INC0029920,3 - Moderate,Category 28,Group 70,0.13,1,0,Low
INC0031812,3 - Moderate,Category 37,Group 70,0.13,1,0,Low
INC0032102,3 - Moderate,Category 24,Group 70,0.13,1,1,Low
INC0031775,3 - Moderate,Category 42,Group 70,0.13,1,0,Low
INC0029125,3 - Moderate,Category 26,Group 70,0.13,1,0,Low
INC0032291,3 - Moderate,Category 32,Group 70,0.129,1,1,Low
INC0034016,3 - Moderate,Category 53,Group 70,0.129,1,0,Low
INC0034276,3 - Moderate,Category 34,Group 23,0.129,1,0,Low
INC0031520,3 - Moderate,Category 42,Group 70,0.129,1,0,Low
INC0031968,3 - Moderate,Category 9,Group 30,0.129,1,0,Low
INC0029993,3 - Moderate,Category 26,Group 70,0.129,1,0,Low
INC0033797,3 - Moderate,Category 26,Group 70,0.129,1,0,Low
INC0034248,3 - Moderate,Category 37,Group 70,0.129,1,0,Low
INC0028315,3 - Moderate,Category 46,Group 70,0.128,1,1,Low
INC0030290,4 - Low,Category 46,Group 6,0.128,1,0,Low
INC0028374,3 - Moderate,Category 9,Group 24,0.128,1,0,Low
INC0079035,3 - Moderate,Other,Group 70,0.128,1,0,Low
INC0032727,3 - Moderate,Category 37,Group 70,0.128,1,0,Low
INC0033573,3 - Moderate,Category 26,Group 70,0.128,1,0,Low
INC0032148,3 - Moderate,Category 37,Group 70,0.128,1,0,Low
INC0030084,3 - Moderate,Category 26,Group 70,0.128,1,0,Low
INC0031568,3 - Moderate,Category 42,Group 70,0.128,1,0,Low
INC0029501,3 - Moderate,Category 34,Group 70,0.128,1,0,Low
INC0031708,3 - Moderate,Category 42,Group 70,0.128,1,0,Low
INC0033031,3 - Moderate,Category 20,Group 70,0.128,1,0,Low
INC0030424,3 - Moderate,Category 37,Group 70,0.127,1,0,Low
INC0031522,3 - Moderate,Category 57,Group 24,0.127,1,0,Low
INC0029048,3 - Moderate,Category 26,Group 70,0.127,1,0,Low
INC0030583,3 - Moderate,Category 20,Group 70,0.127,1,0,Low
INC0033025,3 - Moderate,Category 26,Group 70,0.127,1,0,Low
INC0030593,3 - Moderate,Category 26,Group 70,0.127,1,0,Low
INC0030609,3 - Moderate,Category 26,Group 70,0.127,1,0,Low
INC0031186,3 - Moderate,Category 26,Group 70,0.127,1,0,Low
INC0031611,3 - Moderate,Category 26,Group 70,0.127,1,0,Low
INC0030801,3 - Moderate,Category 37,Group 70,0.127,1,0,Low
INC0032161,3 - Moderate,Category 32,Group 70,0.127,1,0,Low
INC0033289,3 - Moderate,Category 42,Group 70,0.126,1,0,Low
INC0034389,3 - Moderate,Category 26,Group 70,0.126,1,0,Low
INC0029506,3 - Moderate,Category 46,Group 70,0.126,1,0,Low
INC0029606,3 - Moderate,Category 42,Group 55,0.126,1,0,Low
INC0034378,3 - Moderate,Category 26,Group 70,0.126,1,0,Low
INC0029133,3 - Moderate,Category 42,Group 70,0.126,1,0,Low
INC0029502,3 - Moderate,Category 26,Group 70,0.126,1,0,Low
INC0030169,3 - Moderate,Category 53,Group 70,0.126,1,0,Low
INC0034412,3 - Moderate,Category 32,Group 70,0.126,1,0,Low
INC0032366,3 - Moderate,Category 20,Group 70,0.126,1,0,Low
INC0031494,3 - Moderate,Category 34,Group 24,0.126,1,0,Low
INC0033522,3 - Moderate,Category 26,Group 70,0.126,1,0,Low
INC0034432,3 - Moderate,Category 26,Group 70,0.126,1,0,Low
INC0029815,3 - Moderate,Category 53,Group 70,0.126,1,0,Low
INC0030876,3 - Moderate,Category 26,Group 70,0.126,1,0,Low
INC0034303,3 - Moderate,Category 35,Group 70,0.126,1,0,Low
INC0033731,3 - Moderate,Category 9,Group 24,0.125,1,0,Low
INC0033735,3 - Moderate,Category 9,Group 24,0.125,1,0,Low
INC0031397,3 - Moderate,Category 9,Group 70,0.125,1,1,Low
INC0033174,3 - Moderate,Category 20,Group 70,0.125,1,0,Low
INC0029977,3 - Moderate,Category 32,Group 70,0.125,1,0,Low
INC0032807,3 - Moderate,Category 35,Group 70,0.125,1,0,Low
INC0033999,3 - Moderate,Category 20,Group 70,0.125,1,0,Low
INC0031264,3 - Moderate,Category 37,Group 46,0.125,1,0,Low
INC0030990,3 - Moderate,Category 20,Group 70,0.125,1,0,Low
INC0029976,3 - Moderate,Category 53,Group 70,0.125,1,0,Low
INC0031068,3 - Moderate,Category 26,Group 70,0.125,1,1,Low
INC0029545,3 - Moderate,Category 37,Group 46,0.125,1,0,Low
INC0033525,3 - Moderate,Category 24,Group 24,0.124,1,0,Low
INC0029085,3 - Moderate,Category 26,Group 70,0.124,1,0,Low
INC0033863,3 - Moderate,Category 9,Group 70,0.124,1,0,Low
INC0032057,3 - Moderate,Category 53,Group 70,0.124,1,0,Low
INC0034310,3 - Moderate,Category 26,Group 70,0.124,1,1,Low
INC0033065,3 - Moderate,Category 28,Group 70,0.124,1,0,Low
INC0030071,3 - Moderate,Category 51,Group 70,0.124,1,0,Low
INC0033931,3 - Moderate,Category 37,Group 70,0.124,1,0,Low
INC0033715,3 - Moderate,Category 37,Group 70,0.124,1,0,Low
INC0028626,3 - Moderate,Category 32,Group 70,0.124,1,0,Low
INC0032536,3 - Moderate,Category 26,Group 70,0.124,1,0,Low
INC0029137,3 - Moderate,Category 42,Group 70,0.124,1,0,Low
INC0029087,3 - Moderate,Category 42,Group 70,0.124,1,0,Low
INC0029096,3 - Moderate,Category 26,Group 70,0.124,1,0,Low
INC0033679,3 - Moderate,Category 37,Group 70,0.123,1,0,Low
INC0032352,3 - Moderate,Category 26,Group 70,0.123,1,0,Low
INC0029814,3 - Moderate,Category 40,Group 70,0.123,1,0,Low
INC0029972,3 - Moderate,Category 37,Group 70,0.123,1,0,Low
INC0030198,3 - Moderate,Category 32,Group 70,0.123,1,0,Low
INC0033616,3 - Moderate,Category 61,Group 73,0.123,1,0,Low
INC0032470,3 - Moderate,Category 26,Group 70,0.123,1,0,Low
INC0030233,3 - Moderate,Category 20,Group 70,0.123,1,0,Low
INC0030154,3 - Moderate,Category 53,Group 70,0.123,1,0,Low
INC0031308,3 - Moderate,Category 20,Group 70,0.123,1,0,Low
INC0032324,3 - Moderate,Category 24,Group 24,0.123,1,1,Low
INC0030257,3 - Moderate,Category 26,Group 70,0.123,1,1,Low
INC0031637,3 - Moderate,Category 26,Group 70,0.123,1,0,Low
INC0032931,3 - Moderate,Category 26,Group 70,0.123,1,1,Low
INC0031717,3 - Moderate,Category 37,Group 46,0.122,1,0,Low
INC0087455,3 - Moderate,Other,Group 70,0.122,1,0,Low
INC0031713,3 - Moderate,Category 37,Group 46,0.122,1,0,Low
INC0031709,3 - Moderate,Category 37,Group 46,0.122,1,0,Low
INC0031136,3 - Moderate,Category 26,Group 70,0.122,1,0,Low
INC0034376,3 - Moderate,Category 26,Group 70,0.122,1,0,Low
INC0034045,3 - Moderate,Category 26,Group 70,0.122,1,0,Low
INC0032098,3 - Moderate,Category 42,Group 70,0.122,1,0,Low
INC0031959,3 - Moderate,Category 42,Group 70,0.122,1,0,Low
INC0030273,3 - Moderate,Category 26,Group 70,0.122,1,1,Low
INC0034257,3 - Moderate,Category 26,Group 70,0.122,1,0,Low
INC0029961,3 - Moderate,Category 20,Group 70,0.122,1,0,Low
INC0028665,3 - Moderate,Category 37,Group 70,0.122,1,0,Low
INC0031307,4 - Low,Category 53,Group 70,0.122,1,0,Low
INC0030646,3 - Moderate,Category 26,Group 70,0.122,1,0,Low
INC0030074,3 - Moderate,Category 26,Group 70,0.122,1,1,Low
INC0030418,3 - Moderate,Category 32,Group 70,0.122,1,0,Low
INC0031660,3 - Moderate,Category 46,Group 70,0.122,1,0,Low
INC0030056,3 - Moderate,Category 24,Group 70,0.121,1,0,Low
INC0030265,3 - Moderate,Category 20,Group 70,0.121,1,0,Low
INC0030498,3 - Moderate,Category 46,Group 70,0.121,1,1,Low
INC0030432,3 - Moderate,Category 19,Group 70,0.121,1,1,Low
INC0032380,3 - Moderate,Category 26,Group 70,0.121,1,0,Low
INC0030500,3 - Moderate,Category 46,Group 70,0.121,1,1,Low
INC0033654,3 - Moderate,Category 26,Group 70,0.121,1,0,Low
INC0030191,3 - Moderate,Category 13,Group 70,0.121,1,1,Low
INC0030576,3 - Moderate,Category 46,Group 70,0.121,1,0,Low
INC0033164,3 - Moderate,Category 20,Group 70,0.121,1,0,Low
INC0029005,3 - Moderate,Category 53,Group 70,0.121,1,0,Low
INC0032664,3 - Moderate,Category 26,Group 70,0.121,1,0,Low
INC0033856,3 - Moderate,Category 53,Group 70,0.121,1,0,Low
INC0031956,3 - Moderate,Category 26,Group 70,0.121,1,0,Low
INC0031267,3 - Moderate,Category 53,Group 70,0.121,1,0,Low
INC0031225,3 - Moderate,Category 53,Group 70,0.12,1,0,Low
INC0029859,3 - Moderate,Category 53,Group 70,0.12,1,0,Low
INC0034056,3 - Moderate,Category 28,Group 70,0.12,1,0,Low
INC0033706,3 - Moderate,Category 34,Group 24,0.12,1,0,Low
INC0030155,3 - Moderate,Category 46,Group 70,0.12,1,0,Low
INC0030547,3 - Moderate,Category 26,Group 70,0.12,1,0,Low
INC0030180,3 - Moderate,Category 26,Group 70,0.12,1,0,Low
INC0030575,3 - Moderate,Category 46,Group 70,0.12,1,0,Low
INC0029006,3 - Moderate,Category 26,Group 70,0.12,1,0,Low
INC0030617,3 - Moderate,Category 26,Group 70,0.12,1,0,Low
INC0031904,3 - Moderate,Category 20,Group 70,0.12,1,0,Low
INC0031540,3 - Moderate,Category 51,Group 24,0.12,1,0,Low
INC0033630,3 - Moderate,Category 9,Group 70,0.12,1,0,Low
INC0033848,3 - Moderate,Category 37,Group 70,0.12,1,0,Low
INC0030379,3 - Moderate,Category 26,Group 70,0.119,1,0,Low
INC0031715,3 - Moderate,Category 42,Group 70,0.119,1,0,Low
INC0033843,3 - Moderate,Category 26,Group 70,0.119,1,0,Low
INC0033834,3 - Moderate,Category 26,Group 70,0.119,1,0,Low
INC0031750,3 - Moderate,Category 26,Group 70,0.119,1,0,Low
INC0032445,3 - Moderate,Category 26,Group 70,0.119,1,0,Low
INC0029928,3 - Moderate,Category 26,Group 70,0.119,1,0,Low
INC0031631,3 - Moderate,Category 9,Group 24,0.119,1,0,Low
INC0031173,3 - Moderate,Category 26,Group 70,0.119,1,0,Low
INC0030240,3 - Moderate,Category 42,Group 70,0.119,1,1,Low
INC0029963,3 - Moderate,Category 26,Group 70,0.119,1,0,Low
INC0031558,3 - Moderate,Category 32,Group 70,0.119,1,0,Low
INC0030248,3 - Moderate,Category 42,Group 70,0.119,1,1,Low
INC0030489,3 - Moderate,Category 26,Group 70,0.119,1,0,Low
INC0033341,4 - Low,Category 46,Group 22,0.119,1,0,Low
INC0029740,3 - Moderate,Category 26,Group 70,0.119,1,0,Low
INC0029191,3 - Moderate,Category 9,Group 70,0.119,1,0,Low
INC0029517,3 - Moderate,Category 26,Group 70,0.119,1,0,Low
INC0032732,3 - Moderate,Category 57,Group 24,0.118,1,1,Low
INC0030890,3 - Moderate,Category 26,Group 70,0.118,1,0,Low
INC0029240,3 - Moderate,Category 26,Group 70,0.118,1,0,Low
INC0033463,3 - Moderate,Category 26,Group 70,0.118,1,0,Low
INC0032587,3 - Moderate,Category 53,Group 70,0.118,1,0,Low
INC0031743,3 - Moderate,Category 53,Group 70,0.118,1,0,Low
INC0033702,3 - Moderate,Category 26,Group 70,0.118,1,0,Low
INC0031881,3 - Moderate,Category 42,Group 70,0.118,1,1,Low
INC0033217,3 - Moderate,Category 20,Group 70,0.118,1,0,Low
INC0032351,3 - Moderate,Category 57,Group 24,0.117,1,1,Low
INC0029583,3 - Moderate,Category 53,Group 70,0.117,1,0,Low
INC0034415,3 - Moderate,Category 53,Group 70,0.117,1,0,Low
INC0030719,3 - Moderate,Category 32,Group 70,0.117,1,0,Low
INC0031622,3 - Moderate,Category 26,Group 70,0.117,1,0,Low
INC0028784,3 - Moderate,Category 26,Group 70,0.117,1,0,Low
INC0029899,3 - Moderate,Category 26,Group 70,0.117,1,0,Low
INC0029017,3 - Moderate,Category 53,Group 70,0.117,1,0,Low
INC0030138,3 - Moderate,Category 32,Group 70,0.117,1,0,Low
INC0033614,3 - Moderate,Category 20,Group 70,0.117,1,0,Low
INC0029757,3 - Moderate,Category 42,Group 70,0.117,1,0,Low
INC0028535,3 - Moderate,Category 20,Group 70,0.117,1,0,Low
INC0031671,3 - Moderate,Category 37,Other,0.117,1,1,Low
INC0028336,3 - Moderate,Category 26,Group 70,0.117,1,0,Low
INC0031458,3 - Moderate,Category 42,Group 70,0.117,1,0,Low
INC0031922,3 - Moderate,Category 26,Group 70,0.116,1,0,Low
INC0030148,3 - Moderate,Category 32,Group 70,0.116,1,0,Low
INC0032265,3 - Moderate,Category 32,Group 70,0.116,1,0,Low
INC0100383,3 - Moderate,Other,Group 70,0.116,1,0,Low
INC0031489,3 - Moderate,Category 42,Group 70,0.116,1,0,Low
INC0032632,3 - Moderate,Category 32,Group 70,0.116,1,0,Low
INC0029250,3 - Moderate,Category 53,Group 70,0.116,1,0,Low
INC0033314,3 - Moderate,Category 26,Group 70,0.116,1,0,Low
INC0031778,3 - Moderate,Category 42,Group 70,0.116,1,0,Low
INC0031311,3 - Moderate,Category 32,Group 70,0.116,1,0,Low
INC0032837,3 - Moderate,Category 26,Group 70,0.116,1,0,Low
INC0032810,3 - Moderate,Category 26,Group 70,0.116,1,0,Low
INC0028829,3 - Moderate,Category 57,Group 24,0.116,1,1,Low
INC0029239,4 - Low,Category 23,Group 20,0.116,1,0,Low
INC0029546,3 - Moderate,Category 20,Group 70,0.116,1,0,Low
INC0030144,3 - Moderate,Category 32,Group 70,0.116,1,0,Low
INC0032212,3 - Moderate,Category 26,Group 70,0.116,1,0,Low
INC0032108,3 - Moderate,Category 26,Group 70,0.116,1,0,Low
INC0030215,3 - Moderate,Category 42,Group 70,0.115,1,0,Low
INC0030414,3 - Moderate,Category 40,Group 70,0.115,1,0,Low
INC0033454,3 - Moderate,Category 20,Group 70,0.115,1,0,Low
INC0031592,3 - Moderate,Category 42,Group 70,0.115,1,0,Low
INC0031471,3 - Moderate,Category 42,Group 70,0.115,1,1,Low
INC0033803,3 - Moderate,Category 26,Group 70,0.115,1,0,Low
INC0029047,3 - Moderate,Category 26,Group 70,0.115,1,0,Low
INC0028594,3 - Moderate,Category 32,Group 70,0.115,1,0,Low
INC0031305,3 - Moderate,Category 32,Group 70,0.115,1,0,Low
INC0028327,3 - Moderate,Category 34,Group 24,0.115,1,0,Low
INC0030402,3 - Moderate,Category 57,Group 24,0.115,1,1,Low
INC0029286,3 - Moderate,Category 20,Group 70,0.115,1,0,Low
INC0028325,3 - Moderate,Category 26,Group 70,0.115,1,0,Low
INC0032780,3 - Moderate,Category 26,Group 70,0.115,1,0,Low
INC0032785,3 - Moderate,Category 26,Group 70,0.115,1,0,Low
INC0032893,3 - Moderate,Category 42,Group 55,0.115,1,0,Low
INC0028850,3 - Moderate,Category 32,Group 70,0.115,1,0,Low
INC0030361,3 - Moderate,Category 53,Group 70,0.115,1,0,Low
INC0028545,3 - Moderate,Category 20,Group 70,0.115,1,0,Low
INC0030466,3 - Moderate,Category 9,Group 24,0.115,1,0,Low
INC0029889,3 - Moderate,Category 53,Group 70,0.115,1,0,Low
INC0031916,3 - Moderate,Category 46,Group 70,0.115,1,0,Low
INC0028983,3 - Moderate,Category 26,Group 70,0.115,1,0,Low
INC0029344,3 - Moderate,Category 42,Group 70,0.115,1,0,Low
INC0033953,3 - Moderate,Category 20,Group 70,0.115,1,0,Low
INC0029134,3 - Moderate,Category 26,Group 70,0.115,1,0,Low
INC0029272,3 - Moderate,Category 26,Group 70,0.114,1,0,Low
INC0030833,3 - Moderate,Category 26,Group 70,0.114,1,0,Low
INC0029142,3 - Moderate,Category 26,Group 70,0.114,1,0,Low
INC0029673,3 - Moderate,Category 24,Group 70,0.114,1,0,Low
INC0031482,3 - Moderate,Category 26,Group 70,0.114,1,0,Low
INC0033438,3 - Moderate,Category 20,Group 70,0.114,1,0,Low
INC0033263,3 - Moderate,Category 26,Group 70,0.114,1,0,Low
INC0030236,3 - Moderate,Category 42,Group 55,0.114,1,0,Low
INC0033094,3 - Moderate,Category 26,Group 70,0.114,1,0,Low
INC0032661,3 - Moderate,Category 32,Group 70,0.114,1,0,Low
INC0029481,3 - Moderate,Category 20,Group 70,0.114,1,0,Low
INC0031049,3 - Moderate,Category 20,Group 70,0.114,1,1,Low
INC0031193,3 - Moderate,Category 24,Group 23,0.114,1,0,Low
INC0029807,3 - Moderate,Category 53,Group 70,0.114,1,0,Low
INC0031860,3 - Moderate,Category 37,Group 70,0.114,1,0,Low
INC0032761,3 - Moderate,Category 46,Group 70,0.114,1,0,Low
INC0029896,3 - Moderate,Category 37,Group 70,0.114,1,0,Low
INC0032835,3 - Moderate,Category 37,Group 70,0.114,1,1,Low
INC0033459,3 - Moderate,Category 37,Other,0.113,1,0,Low
INC0033518,3 - Moderate,Category 20,Group 70,0.113,1,0,Low
INC0029084,3 - Moderate,Category 37,Group 24,0.113,1,0,Low
INC0029168,3 - Moderate,Category 9,Group 24,0.113,1,0,Low
INC0032589,3 - Moderate,Category 26,Group 70,0.113,1,0,Low
INC0030192,3 - Moderate,Category 26,Group 70,0.113,1,0,Low
INC0032344,4 - Low,Category 26,Group 70,0.113,1,0,Low
INC0032367,3 - Moderate,Category 26,Group 70,0.113,1,0,Low
INC0033407,3 - Moderate,Category 40,Group 70,0.113,1,0,Low
INC0029103,3 - Moderate,Category 32,Group 70,0.113,1,0,Low
INC0029116,3 - Moderate,Category 32,Group 70,0.113,1,1,Low
INC0028623,3 - Moderate,Category 37,Group 70,0.113,1,0,Low
INC0029158,3 - Moderate,Category 20,Group 70,0.113,1,0,Low
INC0030002,3 - Moderate,Category 32,Group 70,0.113,1,0,Low
INC0034271,3 - Moderate,Category 32,Group 70,0.113,1,0,Low
INC0032711,3 - Moderate,Category 9,Group 24,0.113,1,1,Low
INC0029169,3 - Moderate,Category 26,Group 70,0.113,1,0,Low
INC0031425,3 - Moderate,Category 37,Group 46,0.112,1,1,Low
INC0032334,3 - Moderate,Category 32,Group 70,0.112,1,0,Low
INC0031681,3 - Moderate,Category 53,Group 70,0.112,1,0,Low
INC0083732,3 - Moderate,Other,Group 70,0.112,1,0,Low
INC0033846,3 - Moderate,Category 20,Group 70,0.112,1,0,Low
INC0031774,3 - Moderate,Category 42,Group 70,0.112,1,0,Low
INC0031364,3 - Moderate,Category 53,Group 70,0.112,1,0,Low
INC0031843,3 - Moderate,Category 42,Group 70,0.112,1,0,Low
INC0033994,3 - Moderate,Category 32,Group 70,0.112,1,0,Low
INC0030118,3 - Moderate,Category 26,Group 70,0.112,1,0,Low
INC0029915,3 - Moderate,Category 26,Group 70,0.112,1,0,Low
INC0028437,3 - Moderate,Category 26,Group 70,0.112,1,1,Low
INC0028418,3 - Moderate,Category 26,Group 70,0.111,1,0,Low
INC0033136,3 - Moderate,Category 28,Group 70,0.111,1,1,Low
INC0033132,3 - Moderate,Category 28,Group 70,0.111,1,1,Low
INC0032517,3 - Moderate,Category 26,Group 70,0.111,1,0,Low
INC0033629,3 - Moderate,Category 37,Group 70,0.111,1,0,Low
INC0033655,3 - Moderate,Category 42,Group 70,0.111,1,0,Low
INC0087568,3 - Moderate,Other,Group 70,0.111,1,0,Low
INC0030992,3 - Moderate,Category 28,Group 70,0.111,1,1,Low
INC0032530,3 - Moderate,Category 26,Group 70,0.111,1,0,Low
INC0031436,3 - Moderate,Category 42,Group 58,0.111,1,0,Low
INC0030053,3 - Moderate,Category 53,Group 70,0.111,1,0,Low
INC0031519,3 - Moderate,Category 42,Group 70,0.111,1,0,Low
INC0029072,3 - Moderate,Category 26,Group 70,0.111,1,0,Low
INC0029785,3 - Moderate,Category 61,Group 24,0.111,1,0,Low
INC0031549,3 - Moderate,Category 26,Group 70,0.11,1,0,Low
INC0033801,3 - Moderate,Category 13,Group 70,0.11,1,0,Low
INC0034298,3 - Moderate,Category 32,Group 70,0.11,1,0,Low
INC0033381,3 - Moderate,Category 20,Group 70,0.11,1,0,Low
INC0029251,3 - Moderate,Category 26,Group 70,0.11,1,0,Low
INC0031439,3 - Moderate,Category 26,Group 70,0.11,1,0,Low
INC0030749,3 - Moderate,Category 37,Group 70,0.11,1,0,Low
INC0031895,3 - Moderate,Category 32,Group 70,0.11,1,0,Low
INC0033748,3 - Moderate,Category 32,Group 70,0.11,1,0,Low
INC0031058,3 - Moderate,Category 24,Group 24,0.11,1,0,Low
INC0030824,3 - Moderate,Category 26,Group 70,0.11,1,0,Low
INC0031597,3 - Moderate,Category 26,Group 70,0.11,1,0,Low
INC0029997,3 - Moderate,Category 20,Group 70,0.11,1,0,Low
INC0031381,3 - Moderate,Category 26,Group 70,0.11,1,0,Low
INC0029897,3 - Moderate,Category 53,Group 70,0.11,1,0,Low
INC0031837,3 - Moderate,Category 37,Other,0.109,1,0,Low
INC0030768,3 - Moderate,Category 26,Group 70,0.109,1,0,Low
INC0029803,3 - Moderate,Category 42,Group 55,0.109,1,0,Low
INC0032830,3 - Moderate,Category 26,Group 70,0.109,1,0,Low
INC0031530,3 - Moderate,Category 32,Group 70,0.109,1,0,Low
INC0029806,3 - Moderate,Category 53,Group 70,0.109,1,0,Low
INC0033451,3 - Moderate,Category 20,Group 70,0.109,1,0,Low
INC0031090,3 - Moderate,Category 37,Group 70,0.109,1,0,Low
INC0030425,3 - Moderate,Category 19,Group 24,0.109,1,0,Low
INC0033966,3 - Moderate,Category 28,Group 70,0.109,1,0,Low
INC0033691,3 - Moderate,Category 20,Group 70,0.109,1,0,Low
INC0033967,3 - Moderate,Category 28,Group 70,0.109,1,0,Low
INC0033657,3 - Moderate,Category 26,Group 70,0.109,1,0,Low
INC0029518,3 - Moderate,Category 57,Group 24,0.109,1,0,Low
INC0034425,3 - Moderate,Category 26,Group 70,0.109,1,0,Low
INC0029736,3 - Moderate,Category 42,Group 70,0.109,1,0,Low
INC0029378,3 - Moderate,Category 26,Group 70,0.108,1,0,Low
INC0029422,3 - Moderate,Category 57,Group 24,0.108,1,0,Low
INC0029619,3 - Moderate,Category 9,Group 24,0.108,1,0,Low
INC0031771,3 - Moderate,Category 42,Group 70,0.108,1,0,Low
INC0028428,3 - Moderate,Category 37,Group 70,0.108,1,0,Low
INC0031315,3 - Moderate,Category 37,Group 70,0.108,1,0,Low
INC0030197,3 - Moderate,Category 42,Group 70,0.108,1,0,Low
INC0033193,3 - Moderate,Category 42,Group 70,0.108,1,0,Low
INC0033899,3 - Moderate,Category 53,Group 70,0.108,1,0,Low
INC0030170,3 - Moderate,Category 32,Group 70,0.108,1,0,Low
INC0029311,3 - Moderate,Category 9,Group 70,0.108,1,0,Low
INC0031043,3 - Moderate,Category 53,Group 70,0.108,1,0,Low
INC0031993,3 - Moderate,Category 34,Group 24,0.108,1,0,Low
INC0031448,3 - Moderate,Category 26,Group 70,0.108,1,1,Low
INC0032768,3 - Moderate,Category 32,Group 70,0.108,1,0,Low
INC0033647,3 - Moderate,Category 9,Group 24,0.108,1,0,Low
INC0030979,3 - Moderate,Category 26,Group 70,0.108,1,0,Low
INC0028355,3 - Moderate,Category 9,Group 24,0.108,1,0,Low
INC0033296,4 - Low,Category 38,Group 72,0.108,1,0,Low
INC0033499,3 - Moderate,Category 32,Group 70,0.108,1,0,Low
INC0034399,3 - Moderate,Category 9,Group 24,0.108,1,0,Low
INC0096999,3 - Moderate,Other,Group 70,0.108,1,1,Low
INC0029419,3 - Moderate,Category 26,Group 70,0.107,1,0,Low
INC0032548,3 - Moderate,Category 9,Group 24,0.107,1,0,Low
INC0032547,3 - Moderate,Category 9,Group 24,0.107,1,0,Low
INC0034273,3 - Moderate,Category 32,Group 70,0.107,1,0,Low
INC0032544,3 - Moderate,Category 9,Group 24,0.107,1,0,Low
INC0033257,3 - Moderate,Category 26,Group 70,0.107,1,0,Low
INC0099652,3 - Moderate,Other,Group 70,0.107,1,0,Low
INC0030049,3 - Moderate,Category 51,Group 70,0.107,1,0,Low
INC0029858,3 - Moderate,Category 9,Group 70,0.107,1,0,Low
INC0031562,3 - Moderate,Category 26,Group 70,0.107,1,0,Low
INC0033159,3 - Moderate,Category 28,Group 70,0.107,1,0,Low
INC0032535,3 - Moderate,Category 9,Group 24,0.107,1,0,Low
INC0032542,3 - Moderate,Category 9,Group 24,0.107,1,0,Low
INC0030014,3 - Moderate,Category 26,Group 70,0.107,1,0,Low
INC0032646,4 - Low,Category 57,Other,0.106,1,0,Low
INC0033408,3 - Moderate,Category 37,Group 70,0.106,1,0,Low
INC0031034,3 - Moderate,Category 26,Group 70,0.106,1,0,Low
INC0033357,3 - Moderate,Category 28,Group 70,0.106,1,0,Low
INC0028760,3 - Moderate,Category 37,Group 70,0.106,1,0,Low
INC0033628,3 - Moderate,Category 40,Group 70,0.106,1,0,Low
INC0033634,3 - Moderate,Category 40,Group 70,0.106,1,0,Low
INC0028754,3 - Moderate,Category 37,Group 70,0.106,1,0,Low
INC0029184,3 - Moderate,Category 32,Group 70,0.106,1,0,Low
INC0029468,3 - Moderate,Category 26,Group 70,0.106,1,0,Low
INC0030110,3 - Moderate,Category 26,Group 70,0.106,1,0,Low
INC0029319,3 - Moderate,Category 26,Group 70,0.106,1,0,Low
INC0033457,3 - Moderate,Category 20,Group 70,0.106,1,0,Low
INC0031101,3 - Moderate,Category 28,Group 70,0.106,1,1,Low
INC0032784,3 - Moderate,Category 20,Group 70,0.106,1,1,Low
INC0033632,3 - Moderate,Category 40,Group 70,0.106,1,0,Low
INC0031725,3 - Moderate,Category 42,Group 70,0.106,1,0,Low
INC0032460,3 - Moderate,Category 26,Group 70,0.106,1,0,Low
INC0030316,3 - Moderate,Category 24,Group 70,0.105,1,0,Low
INC0030826,3 - Moderate,Category 51,Group 70,0.105,1,0,Low
INC0034001,3 - Moderate,Category 26,Group 70,0.105,1,0,Low
INC0032132,3 - Moderate,Category 32,Group 70,0.105,1,0,Low
INC0032111,3 - Moderate,Category 42,Group 70,0.105,1,0,Low
INC0031557,3 - Moderate,Category 26,Group 70,0.105,1,0,Low
INC0032091,3 - Moderate,Category 53,Group 70,0.105,1,0,Low
INC0029002,3 - Moderate,Category 26,Group 70,0.105,1,0,Low
INC0029652,3 - Moderate,Category 53,Group 70,0.105,1,0,Low
INC0030028,3 - Moderate,Category 42,Group 70,0.105,1,0,Low
INC0030912,3 - Moderate,Category 20,Group 70,0.105,1,0,Low
INC0034226,3 - Moderate,Category 20,Group 70,0.105,1,0,Low
INC0032039,3 - Moderate,Category 20,Group 70,0.105,1,0,Low
INC0030386,4 - Low,Category 53,Group 70,0.105,1,0,Low
INC0033663,3 - Moderate,Category 28,Group 70,0.105,1,0,Low
INC0031505,3 - Moderate,Category 42,Group 70,0.105,1,0,Low
INC0031692,3 - Moderate,Category 26,Group 70,0.105,1,0,Low
INC0033995,3 - Moderate,Category 20,Group 70,0.104,1,0,Low
INC0034388,3 - Moderate,Category 26,Group 70,0.104,1,0,Low
INC0030840,3 - Moderate,Category 37,Group 70,0.104,1,1,Low
INC0031912,3 - Moderate,Category 53,Group 70,0.104,1,0,Low
INC0030202,3 - Moderate,Category 42,Group 70,0.104,1,0,Low
INC0033197,3 - Moderate,Category 26,Group 70,0.104,1,0,Low
INC0033757,3 - Moderate,Category 61,Group 70,0.104,1,0,Low
INC0031834,3 - Moderate,Category 9,Group 70,0.104,1,0,Low
INC0029066,3 - Moderate,Category 42,Group 70,0.104,1,0,Low
INC0029774,3 - Moderate,Category 40,Group 70,0.104,1,0,Low
INC0034291,3 - Moderate,Category 32,Group 70,0.104,1,0,Low
INC0029706,3 - Moderate,Category 42,Group 70,0.104,1,0,Low
INC0031358,3 - Moderate,Category 26,Group 70,0.104,1,0,Low
INC0032311,3 - Moderate,Category 20,Group 70,0.104,1,0,Low
INC0033795,3 - Moderate,Category 32,Group 70,0.104,1,0,Low
INC0031466,3 - Moderate,Category 26,Group 70,0.104,1,0,Low
INC0031723,3 - Moderate,Category 20,Group 70,0.104,1,0,Low
INC0032643,3 - Moderate,Category 53,Group 70,0.103,1,0,Low
INC0028563,3 - Moderate,Category 20,Group 70,0.103,1,1,Low
INC0030156,3 - Moderate,Category 42,Group 70,0.103,1,0,Low
INC0030497,3 - Moderate,Category 57,Group 24,0.103,1,0,Low
INC0034328,3 - Moderate,Category 32,Group 70,0.103,1,0,Low
INC0029676,3 - Moderate,Category 34,Group 70,0.103,1,1,Low
INC0031468,3 - Moderate,Category 9,Group 70,0.103,1,0,Low
INC0031130,3 - Moderate,Category 37,Group 70,0.103,1,0,Low
INC0029902,3 - Moderate,Category 32,Group 70,0.103,1,0,Low
INC0094776,3 - Moderate,Other,Group 25,0.103,1,0,Low
INC0029456,3 - Moderate,Category 42,Group 70,0.103,1,0,Low
INC0033975,3 - Moderate,Category 9,Group 70,0.103,1,0,Low
INC0029450,3 - Moderate,Category 42,Group 70,0.103,1,0,Low
INC0029088,3 - Moderate,Category 32,Group 70,0.103,1,0,Low
INC0029098,3 - Moderate,Category 26,Group 70,0.102,1,0,Low
INC0029700,3 - Moderate,Category 42,Group 70,0.102,1,0,Low
INC0033444,3 - Moderate,Category 20,Group 70,0.102,1,0,Low
INC0029090,3 - Moderate,Category 26,Group 70,0.102,1,0,Low
INC0029082,3 - Moderate,Category 26,Group 70,0.102,1,0,Low
INC0031858,3 - Moderate,Category 42,Group 70,0.102,1,0,Low
INC0030147,3 - Moderate,Category 9,Group 24,0.102,1,0,Low
INC0031675,3 - Moderate,Category 57,Group 24,0.102,1,0,Low
INC0029630,3 - Moderate,Category 20,Group 70,0.102,1,0,Low
INC0032254,3 - Moderate,Category 26,Group 70,0.102,1,0,Low
INC0030232,3 - Moderate,Category 24,Group 24,0.102,1,1,Low
INC0031815,3 - Moderate,Category 37,Group 70,0.102,1,0,Low
INC0030133,3 - Moderate,Category 9,Group 24,0.102,1,0,Low
INC0031407,3 - Moderate,Category 20,Group 70,0.102,1,1,Low
INC0030472,3 - Moderate,Category 26,Group 70,0.102,1,0,Low
INC0033963,3 - Moderate,Category 26,Group 70,0.101,1,0,Low
INC0028363,3 - Moderate,Category 20,Group 70,0.101,1,0,Low
INC0029466,3 - Moderate,Category 42,Group 70,0.101,1,0,Low
INC0032491,3 - Moderate,Category 53,Group 70,0.101,1,0,Low
INC0031493,3 - Moderate,Category 26,Group 70,0.101,1,0,Low
INC0031040,3 - Moderate,Category 26,Group 70,0.101,1,0,Low
INC0031022,3 - Moderate,Category 37,Group 24,0.1,1,0,Low
INC0033623,3 - Moderate,Category 28,Group 70,0.1,1,0,Low
INC0028831,3 - Moderate,Category 32,Group 70,0.1,1,1,Low
INC0030132,3 - Moderate,Category 57,Group 24,0.1,1,0,Low
INC0033185,3 - Moderate,Category 32,Group 70,0.1,1,0,Low
INC0029679,3 - Moderate,Category 40,Group 70,0.1,1,0,Low
INC0029524,3 - Moderate,Category 57,Group 24,0.1,1,1,Low
INC0029641,3 - Moderate,Category 46,Group 70,0.1,1,0,Low
INC0029665,3 - Moderate,Category 40,Group 70,0.1,1,0,Low
INC0031291,3 - Moderate,Category 20,Group 70,0.1,1,0,Low
INC0029495,3 - Moderate,Category 57,Group 24,0.1,1,0,Low
INC0032235,3 - Moderate,Category 53,Group 70,0.1,1,0,Low
INC0029980,3 - Moderate,Category 26,Group 70,0.1,1,0,Low
INC0031095,3 - Moderate,Category 37,Group 24,0.1,1,1,Low
INC0030174,3 - Moderate,Category 35,Group 70,0.1,1,0,Low
INC0030149,3 - Moderate,Category 9,Group 24,0.099,1,0,Low
INC0029825,3 - Moderate,Category 26,Group 70,0.099,1,0,Low
INC0029105,3 - Moderate,Category 26,Group 70,0.099,1,0,Low
INC0033448,3 - Moderate,Category 26,Group 70,0.099,1,0,Low
INC0033555,3 - Moderate,Category 42,Group 70,0.099,1,0,Low
INC0029058,3 - Moderate,Category 42,Group 70,0.099,1,0,Low
INC0051748,3 - Moderate,Category 42,Group 70,0.099,1,0,Low
INC0029141,3 - Moderate,Category 26,Group 70,0.099,1,0,Low
INC0032300,3 - Moderate,Category 26,Group 70,0.099,1,0,Low
INC0031573,3 - Moderate,Category 9,Group 24,0.099,1,0,Low
INC0030353,3 - Moderate,Category 53,Other,0.099,1,1,Low
INC0033509,3 - Moderate,Category 20,Group 70,0.099,1,0,Low
INC0030417,3 - Moderate,Category 24,Group 24,0.099,1,0,Low
INC0033768,3 - Moderate,Category 37,Group 24,0.099,1,0,Low
INC0030298,3 - Moderate,Category 32,Group 70,0.098,1,0,Low
INC0029930,3 - Moderate,Category 37,Group 70,0.098,1,0,Low
INC0029788,3 - Moderate,Category 26,Group 70,0.098,1,0,Low
INC0029767,3 - Moderate,Category 26,Group 70,0.098,1,0,Low
INC0032624,3 - Moderate,Category 9,Group 24,0.098,1,0,Low
INC0033976,3 - Moderate,Category 26,Group 70,0.098,1,0,Low
INC0033014,3 - Moderate,Category 37,Group 70,0.098,1,0,Low
INC0030052,3 - Moderate,Category 57,Group 24,0.098,1,0,Low
INC0030730,3 - Moderate,Category 32,Group 70,0.098,1,0,Low
INC0034272,3 - Moderate,Category 20,Group 70,0.098,1,0,Low
INC0032473,3 - Moderate,Category 26,Group 70,0.098,1,0,Low
INC0029107,3 - Moderate,Category 20,Group 70,0.098,1,1,Low
INC0031389,3 - Moderate,Category 26,Group 70,0.098,1,0,Low
INC0033818,3 - Moderate,Category 32,Group 70,0.097,1,0,Low
INC0033810,3 - Moderate,Category 32,Group 70,0.097,1,1,Low
INC0031877,3 - Moderate,Category 26,Group 70,0.097,1,0,Low
INC0031878,3 - Moderate,Category 26,Group 70,0.097,1,0,Low
INC0033033,3 - Moderate,Category 53,Group 24,0.097,1,0,Low
INC0032205,3 - Moderate,Category 26,Group 70,0.097,1,0,Low
INC0032386,3 - Moderate,Category 26,Group 70,0.097,1,0,Low
INC0031440,3 - Moderate,Category 26,Group 70,0.097,1,0,Low
INC0032814,3 - Moderate,Category 53,Group 70,0.097,1,0,Low
INC0032044,3 - Moderate,Category 26,Group 70,0.097,1,0,Low
INC0029671,4 - Low,Category 51,Group 20,0.096,1,0,Low
INC0033606,3 - Moderate,Category 26,Group 70,0.096,1,0,Low
INC0029295,4 - Low,Category 26,Group 70,0.096,1,0,Low
INC0029668,3 - Moderate,Category 26,Group 70,0.096,1,0,Low
INC0029654,3 - Moderate,Category 26,Group 70,0.096,1,0,Low
INC0033269,3 - Moderate,Category 26,Group 70,0.096,1,0,Low
INC0029602,3 - Moderate,Category 26,Group 70,0.096,1,1,Low
INC0031917,3 - Moderate,Category 37,Group 70,0.096,1,0,Low
INC0034144,3 - Moderate,Category 26,Group 70,0.096,1,0,Low
INC0030340,3 - Moderate,Category 20,Group 70,0.096,1,0,Low
INC0029013,3 - Moderate,Category 26,Group 70,0.096,1,0,Low
INC0054729,3 - Moderate,Category 56,Group 70,0.096,1,0,Low
INC0032010,3 - Moderate,Category 26,Group 70,0.096,1,1,Low
INC0032521,3 - Moderate,Category 32,Group 70,0.096,1,0,Low
INC0034171,3 - Moderate,Category 32,Group 70,0.096,1,0,Low
INC0029939,3 - Moderate,Category 26,Group 70,0.095,1,0,Low
INC0033946,3 - Moderate,Category 34,Group 24,0.095,1,0,Low
INC0031064,3 - Moderate,Category 26,Group 70,0.095,1,0,Low
INC0033501,3 - Moderate,Category 20,Group 70,0.095,1,0,Low
INC0034000,3 - Moderate,Category 57,Group 24,0.095,1,0,Low
INC0030370,3 - Moderate,Category 26,Group 70,0.095,1,0,Low
INC0033549,3 - Moderate,Category 32,Group 70,0.095,1,0,Low
INC0031950,3 - Moderate,Category 26,Group 70,0.095,1,0,Low
INC0029637,3 - Moderate,Category 26,Group 70,0.095,1,0,Low
INC0028628,3 - Moderate,Category 26,Group 70,0.095,1,0,Low
INC0030428,3 - Moderate,Category 20,Group 70,0.095,1,0,Low
INC0031980,3 - Moderate,Category 26,Group 70,0.095,1,0,Low
INC0031029,3 - Moderate,Category 46,Group 70,0.095,1,0,Low
INC0031746,3 - Moderate,Category 32,Group 70,0.094,1,0,Low
INC0031487,3 - Moderate,Category 26,Group 70,0.094,1,0,Low
INC0030061,3 - Moderate,Category 32,Group 70,0.094,1,0,Low
INC0031869,3 - Moderate,Category 26,Group 70,0.094,1,0,Low
INC0032160,3 - Moderate,Category 32,Group 70,0.094,1,0,Low
INC0034046,3 - Moderate,Category 37,Group 70,0.094,1,0,Low
INC0031379,3 - Moderate,Category 53,Group 70,0.094,1,0,Low
INC0030196,3 - Moderate,Category 32,Group 70,0.094,1,0,Low
INC0031814,3 - Moderate,Category 26,Group 70,0.094,1,1,Low
INC0081730,3 - Moderate,Category 56,Group 24,0.094,1,1,Low
INC0029635,3 - Moderate,Category 34,Group 24,0.094,1,0,Low
INC0031627,3 - Moderate,Category 57,Group 24,0.094,1,0,Low
INC0030623,3 - Moderate,Category 26,Group 70,0.093,1,0,Low
INC0029498,3 - Moderate,Category 20,Group 70,0.093,1,0,Low
INC0031251,3 - Moderate,Category 20,Group 70,0.093,1,0,Low
INC0034434,3 - Moderate,Category 32,Group 70,0.093,1,0,Low
INC0031836,3 - Moderate,Category 26,Group 70,0.093,1,1,Low
INC0033403,3 - Moderate,Category 53,Group 70,0.093,1,1,Low
INC0030910,3 - Moderate,Category 20,Group 70,0.093,1,0,Low
INC0034064,3 - Moderate,Category 32,Group 70,0.093,1,0,Low
INC0033281,3 - Moderate,Category 20,Group 70,0.092,1,0,Low
INC0031875,3 - Moderate,Category 26,Group 70,0.092,1,0,Low
INC0033265,3 - Moderate,Category 46,Group 58,0.092,1,0,Low
INC0032115,3 - Moderate,Category 32,Group 70,0.092,1,1,Low
INC0029541,3 - Moderate,Category 26,Group 70,0.092,1,0,Low
INC0032117,3 - Moderate,Category 32,Group 70,0.092,1,1,Low
INC0030284,3 - Moderate,Category 32,Group 70,0.092,1,0,Low
INC0030839,3 - Moderate,Category 26,Group 70,0.092,1,0,Low
INC0029273,3 - Moderate,Category 53,Group 70,0.092,1,0,Low
INC0031023,3 - Moderate,Category 32,Group 70,0.092,1,0,Low
INC0030431,3 - Moderate,Category 26,Group 70,0.092,1,0,Low
INC0029888,3 - Moderate,Category 26,Group 70,0.091,1,0,Low
INC0029001,3 - Moderate,Category 26,Group 70,0.091,1,0,Low
INC0031821,3 - Moderate,Category 37,Group 70,0.091,1,0,Low
INC0030332,3 - Moderate,Category 20,Group 70,0.091,1,0,Low
INC0028862,4 - Low,Category 53,Group 70,0.091,1,0,Low
INC0102713,3 - Moderate,Other,Group 64,0.091,1,0,Low
INC0032015,3 - Moderate,Category 42,Group 70,0.091,1,1,Low
INC0031684,3 - Moderate,Category 20,Group 70,0.091,1,0,Low
INC0029533,3 - Moderate,Category 57,Group 24,0.09,1,0,Low
INC0033987,3 - Moderate,Category 9,Group 70,0.09,1,0,Low
INC0031679,3 - Moderate,Category 37,Group 24,0.09,1,0,Low
INC0029313,3 - Moderate,Category 26,Group 70,0.09,1,1,Low
INC0031827,3 - Moderate,Category 46,Group 70,0.09,1,0,Low
INC0030560,3 - Moderate,Category 26,Group 70,0.09,1,0,Low
INC0031818,3 - Moderate,Category 46,Group 70,0.09,1,0,Low
INC0031377,3 - Moderate,Category 26,Group 70,0.09,1,1,Low
INC0030355,3 - Moderate,Category 53,Group 24,0.09,1,0,Low
INC0033261,3 - Moderate,Category 20,Group 70,0.09,1,0,Low
INC0034382,3 - Moderate,Category 26,Group 70,0.09,1,0,Low
INC0032408,3 - Moderate,Category 32,Group 70,0.09,1,0,Low
INC0032106,3 - Moderate,Category 53,Group 70,0.09,1,0,Low
INC0032543,3 - Moderate,Category 32,Group 70,0.09,1,0,Low
INC0031581,3 - Moderate,Category 53,Group 24,0.09,1,1,Low
INC0034269,3 - Moderate,Category 34,Group 24,0.09,1,1,Low
INC0033298,3 - Moderate,Category 37,Group 70,0.09,1,0,Low
INC0029938,3 - Moderate,Category 20,Group 70,0.09,1,0,Low
INC0029052,3 - Moderate,Category 20,Group 70,0.089,1,0,Low
INC0029416,3 - Moderate,Category 46,Group 70,0.089,1,1,Low
INC0034161,3 - Moderate,Category 20,Group 70,0.089,1,0,Low
INC0033502,3 - Moderate,Category 26,Group 70,0.089,1,0,Low
INC0033184,3 - Moderate,Category 32,Group 70,0.089,1,0,Low
INC0033823,3 - Moderate,Category 32,Group 70,0.089,1,0,Low
INC0033826,3 - Moderate,Category 32,Group 70,0.089,1,0,Low
INC0033609,3 - Moderate,Category 20,Group 70,0.089,1,0,Low
INC0029764,3 - Moderate,Category 26,Group 70,0.089,1,0,Low
INC0030033,3 - Moderate,Category 40,Group 70,0.088,1,0,Low
INC0029532,3 - Moderate,Category 32,Group 70,0.088,1,0,Low
INC0034059,3 - Moderate,Category 20,Group 70,0.088,1,0,Low
INC0032145,3 - Moderate,Category 37,Group 70,0.088,1,0,Low
INC0033867,3 - Moderate,Category 20,Group 70,0.088,1,0,Low
INC0031913,3 - Moderate,Category 26,Group 70,0.088,1,0,Low
INC0033827,3 - Moderate,Category 20,Group 70,0.088,1,0,Low
INC0030581,3 - Moderate,Category 57,Group 24,0.088,1,0,Low
INC0029531,3 - Moderate,Category 32,Group 70,0.088,1,0,Low
INC0031415,3 - Moderate,Category 32,Group 70,0.088,1,0,Low
INC0032434,3 - Moderate,Category 26,Group 70,0.088,1,0,Low
INC0031091,3 - Moderate,Category 32,Group 70,0.088,1,0,Low
INC0029267,3 - Moderate,Category 9,Group 23,0.088,1,0,Low
INC0029728,3 - Moderate,Category 26,Group 70,0.088,1,0,Low
INC0032112,3 - Moderate,Category 42,Group 55,0.088,1,0,Low
INC0030868,3 - Moderate,Category 53,Group 23,0.088,1,0,Low
INC0033524,3 - Moderate,Category 32,Group 70,0.088,1,0,Low
INC0032940,3 - Moderate,Category 37,Group 70,0.087,1,1,Low
INC0030437,3 - Moderate,Category 37,Group 70,0.087,1,0,Low
INC0030008,3 - Moderate,Category 32,Group 70,0.087,1,0,Low
INC0029981,3 - Moderate,Category 32,Group 70,0.087,1,0,Low
INC0029069,3 - Moderate,Category 37,Group 70,0.087,1,0,Low
INC0031572,3 - Moderate,Category 32,Group 70,0.087,1,0,Low
INC0033411,3 - Moderate,Category 37,Group 70,0.087,1,0,Low
INC0028767,3 - Moderate,Category 32,Group 70,0.087,1,0,Low
INC0030863,3 - Moderate,Category 34,Group 24,0.087,1,1,Low
INC0031277,3 - Moderate,Category 37,Group 70,0.087,1,0,Low
INC0031760,3 - Moderate,Category 32,Group 70,0.087,1,0,Low
INC0030150,3 - Moderate,Category 20,Group 70,0.087,1,0,Low
INC0031846,3 - Moderate,Category 26,Group 70,0.087,1,0,Low
INC0031767,3 - Moderate,Category 37,Group 70,0.087,1,0,Low
INC0028533,3 - Moderate,Category 53,Group 70,0.087,1,0,Low
INC0033681,3 - Moderate,Category 35,Group 70,0.086,1,0,Low
INC0031961,3 - Moderate,Category 26,Group 70,0.086,1,0,Low
INC0031784,3 - Moderate,Category 28,Group 70,0.086,1,0,Low
INC0028606,3 - Moderate,Category 20,Group 70,0.086,1,1,Low
INC0029792,3 - Moderate,Category 26,Group 70,0.086,1,0,Low
INC0029782,3 - Moderate,Category 53,Group 70,0.086,1,0,Low
INC0031983,3 - Moderate,Category 26,Group 70,0.086,1,0,Low
INC0033143,3 - Moderate,Category 37,Group 70,0.086,1,0,Low
INC0029453,3 - Moderate,Category 37,Group 46,0.086,1,0,Low
INC0033093,3 - Moderate,Category 32,Group 70,0.086,1,0,Low
INC0033429,3 - Moderate,Category 32,Group 70,0.086,1,0,Low
INC0032771,3 - Moderate,Category 38,Group 70,0.086,1,1,Low
INC0033769,3 - Moderate,Category 32,Group 70,0.085,1,0,Low
INC0033741,3 - Moderate,Category 9,Group 24,0.085,1,0,Low
INC0031819,3 - Moderate,Category 26,Group 70,0.085,1,0,Low
INC0031284,3 - Moderate,Category 32,Group 70,0.085,1,0,Low
INC0032239,3 - Moderate,Category 26,Group 70,0.085,1,0,Low
INC0032233,3 - Moderate,Category 26,Group 70,0.085,1,0,Low
INC0033328,4 - Low,Category 42,Group 70,0.085,1,0,Low
INC0031086,3 - Moderate,Category 9,Group 24,0.085,1,0,Low
INC0034346,3 - Moderate,Category 35,Group 70,0.085,1,0,Low
INC0030630,3 - Moderate,Category 32,Group 70,0.085,1,1,Low
INC0031920,3 - Moderate,Category 26,Group 70,0.085,1,0,Low
INC0033742,3 - Moderate,Category 9,Group 24,0.085,1,0,Low
INC0029542,3 - Moderate,Category 26,Group 70,0.085,1,0,Low
INC0032391,3 - Moderate,Category 43,Group 70,0.085,1,0,Low
INC0032429,3 - Moderate,Category 57,Group 24,0.084,1,0,Low
INC0028853,3 - Moderate,Category 32,Group 70,0.084,1,0,Low
INC0099197,3 - Moderate,Other,Group 70,0.084,1,1,Low
INC0033979,3 - Moderate,Category 32,Group 70,0.084,1,0,Low
INC0031061,3 - Moderate,Category 20,Group 70,0.084,1,0,Low
INC0102310,3 - Moderate,Other,Group 70,0.084,1,0,Low
INC0030995,3 - Moderate,Category 20,Group 70,0.084,1,0,Low
INC0033330,4 - Low,Category 46,Group 70,0.084,1,0,Low
INC0031882,3 - Moderate,Category 26,Group 70,0.084,1,0,Low
INC0032226,3 - Moderate,Category 32,Group 70,0.084,1,0,Low
INC0032870,4 - Low,Category 53,Group 70,0.083,1,0,Low
INC0033547,3 - Moderate,Category 20,Group 70,0.083,1,0,Low
INC0031862,3 - Moderate,Category 26,Group 70,0.083,1,0,Low
INC0028603,3 - Moderate,Category 46,Group 70,0.083,1,0,Low
INC0033902,4 - Low,Category 9,Group 27,0.083,1,0,Low
INC0029954,3 - Moderate,Category 20,Group 70,0.082,1,0,Low
INC0033656,3 - Moderate,Category 37,Group 70,0.082,1,0,Low
INC0032171,3 - Moderate,Category 42,Group 70,0.082,1,0,Low
INC0033364,3 - Moderate,Category 42,Group 70,0.082,1,0,Low
INC0029661,3 - Moderate,Category 26,Group 70,0.082,1,0,Low
INC0031417,3 - Moderate,Category 26,Group 70,0.082,1,0,Low
INC0033422,3 - Moderate,Category 20,Group 70,0.082,1,0,Low
INC0033409,3 - Moderate,Category 26,Group 70,0.082,1,0,Low
INC0029707,3 - Moderate,Category 32,Group 70,0.082,1,0,Low
INC0029152,3 - Moderate,Category 9,Group 24,0.082,1,0,Low
INC0033384,3 - Moderate,Category 32,Group 70,0.081,1,0,Low
INC0032778,3 - Moderate,Category 37,Group 70,0.081,1,1,Low
INC0031089,3 - Moderate,Category 26,Group 70,0.081,1,0,Low
INC0029812,3 - Moderate,Category 20,Group 70,0.081,1,0,Low
INC0029053,3 - Moderate,Category 26,Group 70,0.081,1,0,Low
INC0028653,3 - Moderate,Category 26,Group 70,0.081,1,0,Low
INC0029647,3 - Moderate,Category 9,Group 70,0.081,1,0,Low
INC0029508,3 - Moderate,Category 32,Group 70,0.081,1,0,Low
INC0029051,3 - Moderate,Category 26,Group 70,0.081,1,0,Low
INC0029056,3 - Moderate,Category 26,Group 70,0.081,1,0,Low
INC0033390,3 - Moderate,Category 37,Group 46,0.081,1,0,Low
INC0032392,3 - Moderate,Category 32,Group 70,0.081,1,1,Low
INC0029436,3 - Moderate,Category 20,Group 70,0.081,1,0,Low
INC0034259,4 - Low,Category 20,Group 70,0.081,1,0,Low
INC0028477,3 - Moderate,Category 28,Group 70,0.081,1,0,Low
INC0029102,3 - Moderate,Category 42,Group 70,0.081,1,0,Low
INC0033278,3 - Moderate,Category 57,Group 24,0.081,1,0,Low
INC0033356,3 - Moderate,Category 35,Group 70,0.08,0,0,Low
INC0031892,3 - Moderate,Category 53,Group 70,0.08,1,0,Low
INC0028794,3 - Moderate,Category 32,Group 70,0.08,0,0,Low
INC0030909,3 - Moderate,Category 53,Group 24,0.08,1,1,Low
INC0033697,3 - Moderate,Category 32,Group 70,0.08,1,0,Low
INC0030766,3 - Moderate,Category 20,Group 70,0.08,0,0,Low
INC0029079,3 - Moderate,Category 26,Group 70,0.08,0,0,Low
INC0031795,3 - Moderate,Category 35,Group 70,0.079,0,0,Low
INC0030163,3 - Moderate,Category 26,Group 70,0.079,0,0,Low
INC0030252,3 - Moderate,Category 26,Group 70,0.079,0,0,Low
INC0028595,3 - Moderate,Category 20,Group 70,0.079,0,0,Low
INC0031427,3 - Moderate,Category 20,Group 70,0.079,0,0,Low
INC0033854,4 - Low,Category 9,Group 25,0.079,0,0,Low
INC0031840,3 - Moderate,Category 26,Group 70,0.079,0,0,Low
INC0032490,3 - Moderate,Category 53,Group 23,0.079,0,0,Low
INC0030363,3 - Moderate,Category 26,Group 70,0.079,0,0,Low
INC0032706,3 - Moderate,Category 32,Group 70,0.079,0,0,Low
INC0029569,3 - Moderate,Category 32,Group 70,0.079,0,0,Low
INC0029607,3 - Moderate,Category 35,Group 70,0.079,0,0,Low
INC0029471,3 - Moderate,Category 20,Group 70,0.079,0,0,Low
INC0033694,4 - Low,Category 61,Group 73,0.079,0,0,Low
INC0029601,3 - Moderate,Category 35,Group 70,0.079,0,0,Low
INC0029789,3 - Moderate,Category 26,Group 70,0.079,0,0,Low
INC0029189,3 - Moderate,Category 20,Group 70,0.079,0,0,Low
INC0031880,3 - Moderate,Category 46,Group 70,0.079,0,0,Low
INC0034360,4 - Low,Category 26,Group 70,0.078,0,0,Low
INC0033505,3 - Moderate,Category 20,Group 70,0.078,0,0,Low
INC0032097,3 - Moderate,Category 37,Group 70,0.078,0,1,Low
INC0029557,3 - Moderate,Category 26,Group 70,0.078,0,0,Low
INC0033398,3 - Moderate,Category 37,Group 46,0.078,0,1,Low
INC0029830,3 - Moderate,Category 32,Group 70,0.078,0,1,Low
INC0032486,3 - Moderate,Category 35,Group 70,0.078,0,0,Low
INC0029674,3 - Moderate,Category 37,Group 70,0.078,0,0,Low
INC0029883,3 - Moderate,Category 32,Group 70,0.078,0,0,Low
INC0032079,3 - Moderate,Category 46,Group 70,0.078,0,0,Low
INC0032360,3 - Moderate,Category 51,Group 70,0.078,0,1,Low
INC0031388,3 - Moderate,Category 20,Group 70,0.078,0,0,Low
INC0030829,3 - Moderate,Category 32,Group 70,0.077,0,0,Low
INC0029089,3 - Moderate,Category 26,Group 70,0.077,0,0,Low
INC0033859,3 - Moderate,Category 32,Group 70,0.077,0,0,Low
INC0033424,3 - Moderate,Category 35,Group 70,0.077,0,0,Low
INC0033262,3 - Moderate,Category 26,Group 70,0.077,0,0,Low
INC0029166,3 - Moderate,Category 37,Group 70,0.077,0,0,Low
INC0033809,3 - Moderate,Category 20,Group 70,0.077,0,0,Low
INC0031445,3 - Moderate,Category 32,Group 70,0.077,0,1,Low
INC0029553,3 - Moderate,Category 57,Group 24,0.077,0,0,Low
INC0031949,3 - Moderate,Category 24,Group 24,0.077,0,0,Low
INC0033367,3 - Moderate,Category 9,Group 70,0.077,0,1,Low
INC0030048,3 - Moderate,Category 9,Group 24,0.077,0,0,Low
INC0029708,3 - Moderate,Category 32,Group 70,0.077,0,0,Low
INC0029544,3 - Moderate,Category 26,Group 70,0.077,0,0,Low
INC0028409,3 - Moderate,Category 26,Group 70,0.076,0,0,Low
INC0029942,3 - Moderate,Category 9,Group 24,0.076,0,0,Low
INC0032141,3 - Moderate,Category 37,Group 70,0.076,0,0,Low
INC0030843,3 - Moderate,Category 32,Group 70,0.076,0,0,Low
INC0034435,3 - Moderate,Category 26,Group 70,0.076,0,0,Low
INC0029522,3 - Moderate,Category 57,Group 24,0.076,0,0,Low
INC0033172,3 - Moderate,Category 20,Group 70,0.076,0,0,Low
INC0033171,3 - Moderate,Category 20,Group 70,0.076,0,0,Low
INC0033898,3 - Moderate,Category 9,Group 70,0.076,0,0,Low
INC0031707,3 - Moderate,Category 53,Group 24,0.076,0,0,Low
INC0032218,3 - Moderate,Category 32,Group 70,0.076,0,0,Low
INC0033421,3 - Moderate,Category 26,Group 70,0.076,0,0,Low
INC0033495,3 - Moderate,Category 9,Group 70,0.075,0,0,Low
INC0032846,3 - Moderate,Category 32,Group 70,0.075,0,0,Low
INC0033378,3 - Moderate,Category 26,Group 70,0.075,0,0,Low
INC0031866,3 - Moderate,Category 57,Group 24,0.075,0,0,Low
INC0030135,3 - Moderate,Category 46,Group 70,0.075,0,0,Low
INC0032596,3 - Moderate,Category 9,Group 24,0.075,0,0,Low
INC0031825,3 - Moderate,Category 26,Group 70,0.074,0,0,Low
INC0032562,3 - Moderate,Category 32,Group 70,0.074,0,0,Low
INC0031861,3 - Moderate,Category 53,Group 70,0.074,0,0,Low
INC0031829,3 - Moderate,Category 26,Group 70,0.074,0,0,Low
INC0032660,3 - Moderate,Category 26,Group 70,0.074,0,1,Low
INC0029592,3 - Moderate,Category 37,Group 24,0.074,0,0,Low
INC0032065,3 - Moderate,Category 32,Group 70,0.074,0,0,Low
INC0029738,3 - Moderate,Category 9,Group 70,0.074,0,0,Low
INC0028788,3 - Moderate,Category 32,Group 70,0.074,0,0,Low
INC0032446,3 - Moderate,Category 32,Group 70,0.073,0,0,Low
INC0029885,3 - Moderate,Category 20,Group 70,0.073,0,0,Low
INC0029688,3 - Moderate,Category 32,Group 70,0.073,0,0,Low
INC0032002,3 - Moderate,Category 32,Group 70,0.073,0,0,Low
INC0031527,3 - Moderate,Category 32,Group 70,0.073,0,0,Low
INC0028825,3 - Moderate,Category 35,Group 70,0.073,0,0,Low
INC0032405,3 - Moderate,Category 26,Group 70,0.073,0,0,Low
INC0033178,3 - Moderate,Category 20,Group 70,0.073,0,0,Low
INC0029933,3 - Moderate,Category 20,Group 70,0.073,0,0,Low
INC0032269,3 - Moderate,Category 26,Group 70,0.073,0,0,Low
INC0031990,4 - Low,Category 46,Group 39,0.072,0,0,Low
INC0032048,3 - Moderate,Category 9,Group 24,0.072,0,1,Low
INC0029147,3 - Moderate,Category 37,Group 70,0.072,0,0,Low
INC0029127,3 - Moderate,Category 43,Group 70,0.072,0,0,Low
INC0028600,3 - Moderate,Category 26,Group 70,0.072,0,0,Low
INC0032758,3 - Moderate,Category 26,Group 70,0.072,0,0,Low
INC0031078,3 - Moderate,Category 32,Group 70,0.072,0,0,Low
INC0033430,3 - Moderate,Category 57,Group 24,0.071,0,0,Low
INC0031053,3 - Moderate,Category 9,Group 24,0.071,0,0,Low
INC0029687,3 - Moderate,Category 26,Group 70,0.071,0,0,Low
INC0031076,3 - Moderate,Category 20,Group 70,0.071,0,0,Low
INC0031844,3 - Moderate,Category 26,Group 70,0.071,0,0,Low
INC0028846,3 - Moderate,Category 32,Group 70,0.071,0,0,Low
INC0029695,3 - Moderate,Category 26,Group 70,0.071,0,0,Low
INC0028438,3 - Moderate,Category 26,Group 70,0.071,0,0,Low
INC0031071,3 - Moderate,Category 20,Group 70,0.071,0,0,Low
INC0031056,3 - Moderate,Category 20,Group 70,0.071,0,0,Low
INC0031253,3 - Moderate,Category 37,Group 24,0.07,0,0,Low
INC0033887,3 - Moderate,Category 9,Group 23,0.07,0,0,Low
INC0033170,3 - Moderate,Category 26,Group 70,0.07,0,0,Low
INC0033173,3 - Moderate,Category 26,Group 70,0.07,0,0,Low
INC0033271,3 - Moderate,Category 26,Group 70,0.07,0,0,Low
INC0033668,3 - Moderate,Category 42,Group 70,0.07,0,0,Low
INC0029932,4 - Low,Category 26,Group 70,0.07,0,0,Low
INC0030961,3 - Moderate,Category 32,Group 70,0.07,0,0,Low
INC0030153,3 - Moderate,Category 42,Group 70,0.07,0,0,Low
INC0029195,3 - Moderate,Category 26,Group 70,0.07,0,0,Low
INC0034021,3 - Moderate,Category 32,Group 70,0.07,0,0,Low
INC0030487,3 - Moderate,Category 57,Group 24,0.07,0,0,Low
INC0030574,3 - Moderate,Category 32,Group 70,0.07,0,0,Low
INC0034133,3 - Moderate,Category 32,Group 70,0.069,0,0,Low
INC0029064,3 - Moderate,Category 32,Group 70,0.069,0,0,Low
INC0029258,3 - Moderate,Category 32,Group 70,0.069,0,0,Low
INC0029291,4 - Low,Category 32,Group 70,0.069,0,0,Low
INC0031335,3 - Moderate,Category 32,Group 70,0.069,0,0,Low
INC0031214,3 - Moderate,Category 53,Group 23,0.069,0,0,Low
INC0033395,3 - Moderate,Category 37,Group 70,0.069,0,0,Low
INC0031207,3 - Moderate,Category 53,Group 23,0.069,0,0,Low
INC0033571,3 - Moderate,Category 32,Group 70,0.069,0,0,Low
INC0032081,3 - Moderate,Category 26,Group 70,0.069,0,0,Low
INC0033584,3 - Moderate,Category 9,Group 70,0.069,0,0,Low
INC0030631,3 - Moderate,Category 37,Group 70,0.069,0,0,Low
INC0032178,3 - Moderate,Category 53,Group 70,0.069,0,0,Low
INC0031027,3 - Moderate,Category 32,Group 70,0.069,0,0,Low
INC0032840,3 - Moderate,Category 20,Group 70,0.069,0,0,Low
INC0032118,3 - Moderate,Category 26,Group 70,0.069,0,0,Low
INC0032850,4 - Low,Category 20,Group 70,0.068,0,0,Low
INC0030526,3 - Moderate,Category 20,Group 70,0.068,0,0,Low
INC0030823,3 - Moderate,Category 32,Group 70,0.068,0,0,Low
INC0030430,3 - Moderate,Category 32,Group 70,0.068,0,0,Low
INC0032843,4 - Low,Category 20,Group 70,0.068,0,0,Low
INC0033349,3 - Moderate,Category 34,Group 24,0.068,0,0,Low
INC0033615,3 - Moderate,Category 32,Group 70,0.068,0,0,Low
INC0032268,3 - Moderate,Category 32,Group 70,0.068,0,0,Low
INC0031871,3 - Moderate,Category 20,Group 70,0.068,0,0,Low
INC0029489,3 - Moderate,Category 26,Group 70,0.068,0,0,Low
INC0028800,3 - Moderate,Category 32,Group 70,0.068,0,0,Low
INC0033431,3 - Moderate,Category 26,Group 70,0.068,0,0,Low
INC0028607,3 - Moderate,Category 32,Group 70,0.067,0,0,Low
INC0033579,3 - Moderate,Category 26,Group 70,0.067,0,0,Low
INC0029943,3 - Moderate,Category 9,Group 24,0.067,0,1,Low
INC0032090,3 - Moderate,Category 32,Group 70,0.067,0,0,Low
INC0032085,3 - Moderate,Category 32,Group 70,0.067,0,0,Low
INC0031154,3 - Moderate,Category 20,Group 70,0.067,0,0,Low
INC0030931,3 - Moderate,Category 32,Group 70,0.066,0,0,Low
INC0033080,3 - Moderate,Category 26,Group 70,0.066,0,1,Low
INC0033781,3 - Moderate,Category 32,Group 70,0.066,0,0,Low
INC0032349,3 - Moderate,Category 32,Group 70,0.066,0,0,Low
INC0033387,3 - Moderate,Category 26,Group 70,0.066,0,0,Low
INC0030512,3 - Moderate,Category 43,Group 64,0.066,0,1,Low
INC0033386,3 - Moderate,Category 26,Group 70,0.066,0,0,Low
INC0030494,3 - Moderate,Category 9,Group 70,0.065,0,0,Low
INC0029860,3 - Moderate,Category 42,Group 70,0.065,0,0,Low
INC0029150,3 - Moderate,Category 32,Group 70,0.065,0,0,Low
INC0030680,3 - Moderate,Category 42,Group 70,0.065,0,0,Low
INC0029496,3 - Moderate,Category 26,Group 70,0.065,0,0,Low
INC0029012,3 - Moderate,Category 32,Group 70,0.065,0,0,Low
INC0029564,3 - Moderate,Category 32,Group 70,0.065,0,1,Low
INC0033377,3 - Moderate,Category 26,Group 70,0.065,0,0,Low
INC0034384,3 - Moderate,Category 26,Group 70,0.065,0,0,Low
INC0028999,3 - Moderate,Category 35,Group 70,0.065,0,0,Low
INC0028646,3 - Moderate,Category 42,Group 70,0.064,0,0,Low
INC0034408,3 - Moderate,Category 32,Group 70,0.064,0,0,Low
INC0031835,3 - Moderate,Category 37,Group 70,0.064,0,0,Low
INC0028860,3 - Moderate,Category 26,Group 70,0.064,0,0,Low
INC0030495,3 - Moderate,Category 9,Group 70,0.064,0,1,Low
INC0031138,3 - Moderate,Category 19,Group 23,0.064,0,0,Low
INC0033546,3 - Moderate,Category 26,Group 70,0.064,0,0,Low
INC0030384,4 - Low,Category 26,Group 70,0.064,0,0,Low
INC0030101,3 - Moderate,Category 26,Group 70,0.064,0,0,Low
INC0032755,3 - Moderate,Category 32,Group 70,0.064,0,0,Low
INC0030954,3 - Moderate,Category 32,Group 70,0.064,0,0,Low
INC0030577,3 - Moderate,Category 32,Group 70,0.064,0,0,Low
INC0028655,3 - Moderate,Category 42,Group 70,0.064,0,0,Low
INC0028664,3 - Moderate,Category 35,Group 70,0.064,0,0,Low
INC0030579,3 - Moderate,Category 32,Group 70,0.064,0,0,Low
INC0029478,3 - Moderate,Category 26,Group 70,0.063,0,0,Low
INC0030357,3 - Moderate,Category 32,Group 70,0.063,0,0,Low
INC0032938,3 - Moderate,Category 20,Group 70,0.063,0,0,Low
INC0032335,4 - Low,Category 20,Group 70,0.063,0,0,Low
INC0029049,3 - Moderate,Category 32,Group 70,0.063,0,0,Low
INC0028459,3 - Moderate,Category 26,Group 70,0.063,0,0,Low
INC0030830,3 - Moderate,Category 32,Group 70,0.063,0,0,Low
INC0029882,3 - Moderate,Category 9,Group 70,0.063,0,0,Low
INC0028652,3 - Moderate,Category 28,Group 70,0.062,0,0,Low
INC0028661,3 - Moderate,Category 28,Group 70,0.062,0,0,Low
INC0032029,3 - Moderate,Category 17,Group 70,0.062,0,0,Low
INC0032084,3 - Moderate,Category 42,Group 70,0.062,0,1,Low
INC0029312,3 - Moderate,Category 35,Group 70,0.062,0,0,Low
INC0029929,3 - Moderate,Category 9,Group 70,0.062,0,0,Low
INC0028622,3 - Moderate,Category 28,Group 70,0.062,0,0,Low
INC0028631,3 - Moderate,Category 28,Group 70,0.062,0,0,Low
INC0031849,3 - Moderate,Category 19,Group 24,0.061,0,0,Low
INC0029577,3 - Moderate,Category 32,Group 70,0.061,0,0,Low
INC0029080,3 - Moderate,Category 32,Group 70,0.061,0,0,Low
INC0030523,3 - Moderate,Category 9,Group 70,0.061,0,0,Low
INC0030178,3 - Moderate,Category 35,Group 70,0.061,0,0,Low
INC0030453,3 - Moderate,Category 26,Group 70,0.061,0,0,Low
INC0029994,3 - Moderate,Category 35,Group 70,0.061,0,0,Low
INC0030429,3 - Moderate,Category 26,Group 70,0.061,0,0,Low
INC0030291,3 - Moderate,Category 32,Group 70,0.061,0,0,Low
INC0032358,4 - Low,Category 23,Group 20,0.06,0,0,Low
INC0029770,3 - Moderate,Category 42,Group 70,0.06,0,0,Low
INC0033325,3 - Moderate,Category 53,Group 24,0.06,0,0,Low
INC0033764,3 - Moderate,Category 32,Group 70,0.06,0,0,Low
INC0033200,3 - Moderate,Category 35,Group 70,0.06,0,0,Low
INC0032745,3 - Moderate,Category 32,Group 70,0.06,0,0,Low
INC0033851,4 - Low,Category 32,Group 70,0.059,0,0,Low
INC0032192,3 - Moderate,Category 32,Group 70,0.059,0,1,Low
INC0030793,3 - Moderate,Category 32,Group 70,0.059,0,0,Low
INC0028804,3 - Moderate,Category 32,Group 70,0.059,0,0,Low
INC0028597,3 - Moderate,Category 26,Group 70,0.059,0,0,Low
INC0032370,4 - Low,Category 44,Group 5,0.058,0,0,Low
INC0084790,3 - Moderate,Other,Group 64,0.058,0,1,Low
INC0028617,3 - Moderate,Category 32,Group 70,0.058,0,0,Low
INC0032592,3 - Moderate,Category 32,Group 70,0.058,0,0,Low
INC0032539,3 - Moderate,Category 26,Group 70,0.058,0,0,Low
INC0032127,4 - Low,Category 20,Group 70,0.058,0,0,Low
INC0032756,3 - Moderate,Category 32,Group 70,0.058,0,0,Low
INC0030857,3 - Moderate,Category 35,Group 70,0.058,0,0,Low
INC0030847,3 - Moderate,Category 35,Group 70,0.058,0,0,Low
INC0030849,3 - Moderate,Category 35,Group 70,0.058,0,0,Low
INC0029354,3 - Moderate,Category 32,Group 70,0.058,0,0,Low
INC0033660,4 - Low,Category 53,Group 28,0.058,0,0,Low
INC0031831,4 - Low,Category 42,Group 51,0.058,0,1,Low
INC0034134,3 - Moderate,Category 32,Group 70,0.058,0,0,Low
INC0028400,3 - Moderate,Category 26,Group 70,0.058,0,0,Low
INC0032764,3 - Moderate,Category 32,Group 70,0.057,0,0,Low
INC0029057,3 - Moderate,Category 9,Group 24,0.057,0,0,Low
INC0031874,3 - Moderate,Category 28,Group 70,0.057,0,0,Low
INC0029122,3 - Moderate,Category 20,Group 70,0.056,0,0,Low
INC0033146,3 - Moderate,Category 32,Group 70,0.056,0,0,Low
INC0031403,3 - Moderate,Category 28,Group 70,0.056,0,0,Low
INC0032485,3 - Moderate,Category 20,Group 70,0.056,0,0,Low
INC0033538,3 - Moderate,Category 9,Group 23,0.056,0,0,Low
INC0033383,3 - Moderate,Category 26,Group 70,0.056,0,0,Low
INC0033503,3 - Moderate,Category 32,Group 70,0.056,0,0,Low
INC0029746,3 - Moderate,Category 26,Group 70,0.056,0,0,Low
INC0029790,3 - Moderate,Category 26,Group 70,0.056,0,0,Low
INC0031584,3 - Moderate,Category 32,Group 70,0.055,0,0,Low
INC0028602,3 - Moderate,Category 32,Group 70,0.055,0,0,Low
INC0029440,3 - Moderate,Category 28,Group 70,0.055,0,0,Low
INC0030842,3 - Moderate,Category 32,Group 70,0.054,0,0,Low
INC0031457,3 - Moderate,Category 35,Group 70,0.054,0,0,Low
INC0028942,3 - Moderate,Category 42,Group 70,0.054,0,0,Low
INC0028895,3 - Moderate,Category 32,Group 70,0.054,0,0,Low
INC0028910,3 - Moderate,Category 32,Group 70,0.054,0,0,Low
INC0028909,3 - Moderate,Category 32,Group 70,0.054,0,0,Low
INC0028938,3 - Moderate,Category 32,Group 70,0.054,0,0,Low
INC0030164,3 - Moderate,Category 42,Group 70,0.054,0,0,Low
INC0028941,3 - Moderate,Category 26,Group 70,0.053,0,0,Low
INC0031051,3 - Moderate,Category 32,Group 70,0.053,0,0,Low
INC0028368,3 - Moderate,Category 26,Group 70,0.053,0,0,Low
INC0034183,3 - Moderate,Category 37,Group 25,0.053,0,0,Low
INC0031546,3 - Moderate,Category 26,Group 70,0.053,0,0,Low
INC0033553,4 - Low,Category 26,Group 70,0.053,0,0,Low
INC0032301,3 - Moderate,Category 26,Group 70,0.053,0,0,Low
INC0030401,3 - Moderate,Category 35,Group 70,0.053,0,0,Low
INC0031340,3 - Moderate,Category 32,Group 70,0.053,0,1,Low
INC0033849,3 - Moderate,Category 35,Group 70,0.053,0,0,Low
INC0030371,3 - Moderate,Category 32,Group 70,0.052,0,0,Low
INC0032949,3 - Moderate,Category 26,Group 70,0.052,0,0,Low
INC0030562,3 - Moderate,Category 32,Group 70,0.052,0,0,Low
INC0031665,3 - Moderate,Category 32,Group 70,0.052,0,0,Low
INC0030478,3 - Moderate,Category 26,Group 70,0.052,0,0,Low
INC0029644,3 - Moderate,Category 32,Group 70,0.052,0,0,Low
INC0029293,3 - Moderate,Category 26,Group 70,0.052,0,0,Low
INC0030938,3 - Moderate,Category 26,Group 70,0.052,0,0,Low
INC0029678,4 - Low,Category 44,Group 5,0.052,0,0,Low
INC0029493,3 - Moderate,Category 46,Group 70,0.052,0,0,Low
INC0031035,3 - Moderate,Category 32,Group 70,0.052,0,0,Low
INC0029629,3 - Moderate,Category 32,Group 70,0.052,0,0,Low
INC0030903,3 - Moderate,Category 35,Group 70,0.052,0,0,Low
INC0031781,3 - Moderate,Category 32,Group 70,0.052,0,0,Low
INC0033240,3 - Moderate,Category 26,Group 70,0.052,0,0,Low
INC0030561,3 - Moderate,Category 32,Group 70,0.051,0,0,Low
INC0033633,3 - Moderate,Category 20,Group 70,0.051,0,0,Low
INC0032168,3 - Moderate,Category 20,Group 70,0.051,0,0,Low
INC0032094,3 - Moderate,Category 32,Group 70,0.051,0,0,Low
INC0033760,3 - Moderate,Category 32,Group 70,0.051,0,0,Low
INC0030373,3 - Moderate,Category 26,Group 70,0.051,0,0,Low
INC0031424,3 - Moderate,Category 32,Group 70,0.05,0,0,Low
INC0030761,3 - Moderate,Category 26,Group 70,0.05,0,0,Low
INC0033209,3 - Moderate,Category 38,Group 64,0.05,0,1,Low
INC0031640,3 - Moderate,Category 32,Group 70,0.05,0,1,Low
INC0031652,3 - Moderate,Category 32,Group 70,0.05,0,0,Low
INC0031647,3 - Moderate,Category 26,Group 70,0.05,0,0,Low
INC0031898,3 - Moderate,Category 32,Group 70,0.05,0,0,Low
INC0029374,3 - Moderate,Category 35,Group 70,0.05,0,0,Low
INC0029813,3 - Moderate,Category 20,Group 70,0.05,0,0,Low
INC0031478,3 - Moderate,Category 42,Group 70,0.05,0,0,Low
INC0033292,3 - Moderate,Category 42,Group 58,0.05,0,0,Low
INC0033824,3 - Moderate,Category 35,Group 70,0.05,0,0,Low
INC0030097,3 - Moderate,Category 32,Group 70,0.049,0,0,Low
INC0034340,3 - Moderate,Category 35,Group 70,0.049,0,0,Low
INC0032775,3 - Moderate,Category 7,Group 64,0.049,0,1,Low
INC0031608,3 - Moderate,Category 26,Group 70,0.049,0,0,Low
INC0032763,3 - Moderate,Category 32,Group 70,0.049,0,0,Low
INC0033756,3 - Moderate,Category 32,Group 70,0.049,0,0,Low
INC0029605,3 - Moderate,Category 42,Group 70,0.049,0,0,Low
INC0032426,3 - Moderate,Category 32,Group 70,0.049,0,0,Low
INC0029460,3 - Moderate,Category 32,Group 70,0.049,0,0,Low
INC0029713,3 - Moderate,Category 26,Group 70,0.049,0,0,Low
INC0034168,3 - Moderate,Category 42,Group 70,0.049,0,0,Low
INC0029632,3 - Moderate,Category 32,Group 70,0.049,0,0,Low
INC0033410,3 - Moderate,Category 53,Group 24,0.049,0,0,Low
INC0029062,3 - Moderate,Category 32,Group 70,0.049,0,0,Low
INC0033111,4 - Low,Category 26,Group 70,0.048,0,0,Low
INC0029068,3 - Moderate,Category 32,Group 70,0.048,0,1,Low
INC0033720,3 - Moderate,Category 26,Group 70,0.048,0,0,Low
INC0029617,3 - Moderate,Category 20,Group 70,0.048,0,0,Low
INC0033428,3 - Moderate,Category 37,Group 70,0.047,0,0,Low
INC0029653,3 - Moderate,Category 32,Group 70,0.047,0,0,Low
INC0033297,4 - Low,Category 42,Group 70,0.047,0,0,Low
INC0033294,4 - Low,Category 42,Group 70,0.047,0,0,Low
INC0029657,3 - Moderate,Category 24,Group 23,0.047,0,0,Low
INC0031952,3 - Moderate,Category 32,Group 70,0.047,0,0,Low
INC0029458,3 - Moderate,Category 34,Group 24,0.047,0,0,Low
INC0029612,3 - Moderate,Category 32,Group 70,0.047,0,0,Low
INC0031185,3 - Moderate,Category 9,Group 70,0.047,0,0,Low
INC0029598,3 - Moderate,Category 32,Group 70,0.047,0,0,Low
INC0033563,3 - Moderate,Category 26,Group 70,0.046,0,0,Low
INC0030580,3 - Moderate,Category 32,Group 70,0.046,0,0,Low
INC0032076,3 - Moderate,Category 9,Group 70,0.046,0,0,Low
INC0032883,3 - Moderate,Category 26,Group 70,0.046,0,0,Low
INC0033811,3 - Moderate,Category 26,Group 70,0.046,0,0,Low
INC0031097,3 - Moderate,Category 26,Group 70,0.046,0,0,Low
INC0033569,3 - Moderate,Category 20,Group 70,0.045,0,0,Low
INC0033574,3 - Moderate,Category 20,Group 70,0.045,0,0,Low
INC0031700,3 - Moderate,Category 26,Group 70,0.045,0,0,Low
INC0033583,3 - Moderate,Category 20,Group 70,0.045,0,0,Low
INC0029995,3 - Moderate,Category 26,Group 70,0.045,0,0,Low
INC0034260,3 - Moderate,Category 35,Group 70,0.045,0,0,Low
INC0033551,3 - Moderate,Category 20,Group 70,0.045,0,0,Low
INC0033560,3 - Moderate,Category 20,Group 70,0.045,0,0,Low
INC0033531,3 - Moderate,Category 20,Group 70,0.045,0,0,Low
INC0029469,3 - Moderate,Category 9,Group 24,0.044,0,0,Low
INC0033667,3 - Moderate,Category 20,Group 70,0.044,0,0,Low
INC0033305,4 - Low,Category 42,Group 70,0.044,0,0,Low
INC0033639,3 - Moderate,Category 20,Group 70,0.044,0,0,Low
INC0030179,3 - Moderate,Category 32,Group 70,0.044,0,0,Low
INC0031914,3 - Moderate,Category 9,Group 70,0.044,0,0,Low
INC0029540,3 - Moderate,Category 32,Group 70,0.043,0,0,Low
INC0030591,3 - Moderate,Category 35,Group 70,0.043,0,0,Low
INC0030834,3 - Moderate,Category 26,Group 70,0.043,0,0,Low
INC0028876,3 - Moderate,Category 35,Group 70,0.043,0,0,Low
INC0030659,3 - Moderate,Category 26,Group 70,0.043,0,0,Low
INC0028893,3 - Moderate,Category 53,Group 70,0.043,0,0,Low
INC0029359,3 - Moderate,Category 35,Group 70,0.043,0,0,Low
INC0032298,3 - Moderate,Category 42,Group 70,0.043,0,0,Low
INC0031960,3 - Moderate,Category 32,Group 70,0.042,0,0,Low
INC0030935,3 - Moderate,Category 26,Group 70,0.042,0,0,Low
INC0031422,3 - Moderate,Category 46,Group 58,0.042,0,0,Low
INC0028476,3 - Moderate,Category 35,Group 70,0.042,0,0,Low
INC0034293,3 - Moderate,Category 42,Group 70,0.042,0,0,Low
INC0032498,3 - Moderate,Category 26,Group 70,0.042,0,0,Low
INC0031890,3 - Moderate,Category 32,Group 70,0.042,0,0,Low
INC0032152,3 - Moderate,Category 26,Group 70,0.041,0,0,Low
INC0031903,3 - Moderate,Category 26,Group 70,0.041,0,0,Low
INC0033426,3 - Moderate,Category 32,Group 70,0.041,0,1,Low
INC0033279,3 - Moderate,Category 42,Group 58,0.041,0,0,Low
INC0030517,3 - Moderate,Category 28,Group 70,0.041,0,0,Low
INC0029892,3 - Moderate,Category 26,Group 70,0.041,0,0,Low
INC0034323,4 - Low,Category 20,Group 70,0.041,0,0,Low
INC0031902,3 - Moderate,Category 26,Group 70,0.041,0,0,Low
INC0031569,3 - Moderate,Category 20,Group 70,0.041,0,0,Low
INC0029667,3 - Moderate,Category 26,Group 70,0.04,0,0,Low
INC0029659,4 - Low,Category 53,Group 70,0.04,0,0,Low
INC0029554,3 - Moderate,Category 35,Group 70,0.039,0,0,Low
INC0034207,4 - Low,Category 26,Group 70,0.039,0,0,Low
INC0033205,3 - Moderate,Category 42,Group 70,0.039,0,0,Low
INC0029500,3 - Moderate,Category 37,Group 24,0.039,0,0,Low
INC0030956,3 - Moderate,Category 35,Group 70,0.039,0,0,Low
INC0029672,3 - Moderate,Category 26,Group 70,0.039,0,0,Low
INC0028859,3 - Moderate,Category 42,Group 70,0.038,0,0,Low
INC0030100,3 - Moderate,Category 42,Group 70,0.038,0,0,Low
INC0028837,3 - Moderate,Category 42,Group 70,0.038,0,0,Low
INC0029999,3 - Moderate,Category 26,Group 70,0.038,0,0,Low
INC0028642,3 - Moderate,Category 37,Group 70,0.038,0,0,Low
INC0028882,3 - Moderate,Category 42,Group 70,0.038,0,0,Low
INC0028883,4 - Low,Category 37,Group 70,0.038,0,0,Low
INC0032099,3 - Moderate,Category 32,Group 70,0.038,0,0,Low
INC0028726,3 - Moderate,Category 26,Group 70,0.037,0,0,Low
INC0033961,3 - Moderate,Category 26,Group 70,0.037,0,0,Low
INC0028908,3 - Moderate,Category 42,Group 70,0.037,0,0,Low
INC0033359,3 - Moderate,Category 42,Group 70,0.037,0,0,Low
INC0029225,3 - Moderate,Category 35,Group 70,0.037,0,0,Low
INC0033550,3 - Moderate,Category 26,Group 70,0.037,0,0,Low
INC0033566,3 - Moderate,Category 26,Group 70,0.037,0,0,Low
INC0028723,3 - Moderate,Category 26,Group 70,0.037,0,0,Low
INC0030166,3 - Moderate,Category 26,Group 70,0.037,0,0,Low
INC0028734,3 - Moderate,Category 26,Group 70,0.037,0,0,Low
INC0028733,3 - Moderate,Category 26,Group 70,0.037,0,0,Low
INC0030358,3 - Moderate,Category 35,Group 70,0.037,0,0,Low
INC0028742,3 - Moderate,Category 26,Group 70,0.037,0,0,Low
INC0030673,3 - Moderate,Category 26,Group 70,0.037,0,0,Low
INC0028739,3 - Moderate,Category 26,Group 70,0.037,0,0,Low
INC0028736,3 - Moderate,Category 26,Group 70,0.037,0,0,Low
INC0028738,3 - Moderate,Category 26,Group 70,0.037,0,0,Low
INC0028740,3 - Moderate,Category 26,Group 70,0.037,0,0,Low
INC0028725,3 - Moderate,Category 26,Group 70,0.037,0,0,Low
INC0030737,3 - Moderate,Category 26,Group 70,0.036,0,0,Low
INC0029610,3 - Moderate,Category 26,Group 70,0.036,0,0,Low
INC0032209,3 - Moderate,Category 35,Group 70,0.036,0,0,Low
INC0029719,3 - Moderate,Category 32,Group 70,0.036,0,0,Low
INC0032241,3 - Moderate,Category 35,Group 70,0.036,0,0,Low
INC0032863,4 - Low,Category 26,Group 70,0.036,0,0,Low
INC0032874,3 - Moderate,Category 26,Group 70,0.036,0,0,Low
INC0030210,3 - Moderate,Category 26,Group 70,0.036,0,0,Low
INC0028317,3 - Moderate,Category 26,Group 70,0.036,0,0,Low
INC0028387,4 - Low,Category 26,Group 70,0.036,0,0,Low
INC0031075,3 - Moderate,Category 26,Group 70,0.036,0,0,Low
INC0107571,3 - Moderate,Other,Group 64,0.035,0,0,Low
INC0031589,3 - Moderate,Category 26,Group 70,0.035,0,0,Low
INC0028748,3 - Moderate,Category 42,Group 23,0.035,0,0,Low
INC0028385,3 - Moderate,Category 35,Group 70,0.035,0,0,Low
INC0031183,3 - Moderate,Category 35,Group 70,0.035,0,0,Low
INC0028823,3 - Moderate,Category 35,Group 70,0.035,0,0,Low
INC0029805,3 - Moderate,Category 42,Group 70,0.035,0,0,Low
INC0029578,3 - Moderate,Category 42,Group 70,0.035,0,0,Low
INC0028858,4 - Low,Category 42,Group 70,0.035,0,0,Low
INC0028345,3 - Moderate,Category 35,Group 70,0.035,0,0,Low
INC0031189,3 - Moderate,Category 35,Group 70,0.035,0,1,Low
INC0028945,3 - Moderate,Category 42,Group 70,0.034,0,0,Low
INC0030907,3 - Moderate,Category 35,Group 70,0.034,0,0,Low
INC0030452,4 - Low,Category 26,Group 70,0.034,0,0,Low
INC0029298,3 - Moderate,Category 42,Group 70,0.034,0,0,Low
INC0029681,3 - Moderate,Category 26,Group 70,0.034,0,0,Low
INC0033767,3 - Moderate,Category 42,Group 70,0.034,0,0,Low
INC0032759,3 - Moderate,Category 42,Group 70,0.034,0,0,Low
INC0028929,3 - Moderate,Category 42,Group 70,0.034,0,0,Low
INC0028933,3 - Moderate,Category 42,Group 70,0.034,0,0,Low
INC0029714,3 - Moderate,Category 26,Group 70,0.034,0,0,Low
INC0032525,4 - Low,Category 37,Group 70,0.034,0,0,Low
INC0028901,3 - Moderate,Category 42,Group 70,0.034,0,0,Low
INC0028689,3 - Moderate,Category 42,Group 23,0.033,0,0,Low
INC0030901,3 - Moderate,Category 42,Group 70,0.033,0,0,Low
INC0028677,3 - Moderate,Category 42,Group 23,0.033,0,0,Low
INC0028697,3 - Moderate,Category 42,Group 23,0.033,0,0,Low
INC0028673,3 - Moderate,Category 42,Group 23,0.033,0,0,Low
INC0030716,3 - Moderate,Category 35,Group 70,0.033,0,0,Low
INC0028709,3 - Moderate,Category 42,Group 23,0.033,0,0,Low
INC0032962,4 - Low,Category 26,Group 70,0.033,0,0,Low
INC0032905,4 - Low,Category 53,Group 70,0.033,0,0,Low
INC0032902,4 - Low,Category 53,Group 70,0.033,0,0,Low
INC0029639,3 - Moderate,Category 42,Group 70,0.032,0,0,Low
INC0031918,3 - Moderate,Category 42,Group 70,0.032,0,0,Low
INC0033038,3 - Moderate,Category 35,Group 70,0.032,0,0,Low
INC0033927,3 - Moderate,Category 42,Group 70,0.032,0,0,Low
INC0030601,3 - Moderate,Category 26,Group 70,0.032,0,0,Low
INC0031039,3 - Moderate,Category 38,Group 64,0.032,0,0,Low
INC0030647,3 - Moderate,Category 26,Group 70,0.032,0,0,Low
INC0033909,3 - Moderate,Category 42,Group 70,0.032,0,0,Low
INC0030624,3 - Moderate,Category 35,Group 70,0.032,0,0,Low
INC0030688,4 - Low,Category 37,Group 70,0.032,0,0,Low
INC0029287,3 - Moderate,Category 35,Group 70,0.032,0,0,Low
INC0030614,3 - Moderate,Category 26,Group 70,0.032,0,0,Low
INC0033861,4 - Low,Category 26,Group 70,0.032,0,0,Low
INC0031900,3 - Moderate,Category 26,Group 70,0.031,0,0,Low
INC0032126,3 - Moderate,Category 26,Group 70,0.031,0,0,Low
INC0029648,3 - Moderate,Category 26,Group 70,0.031,0,0,Low
INC0031372,3 - Moderate,Category 35,Group 70,0.031,0,0,Low
INC0029317,3 - Moderate,Category 42,Group 70,0.031,0,0,Low
INC0031365,3 - Moderate,Category 35,Group 70,0.031,0,0,Low
INC0033714,4 - Low,Category 20,Group 70,0.031,0,0,Low
INC0032798,4 - Low,Category 53,Group 70,0.031,0,0,Low
INC0030310,3 - Moderate,Category 35,Group 70,0.031,0,0,Low
INC0028700,3 - Moderate,Category 42,Group 23,0.031,0,0,Low
INC0028683,3 - Moderate,Category 42,Group 23,0.031,0,0,Low
INC0033320,3 - Moderate,Category 42,Group 70,0.031,0,0,Low
INC0028681,3 - Moderate,Category 42,Group 23,0.031,0,0,Low
INC0028685,3 - Moderate,Category 42,Group 23,0.031,0,0,Low
INC0028707,3 - Moderate,Category 42,Group 23,0.031,0,0,Low
INC0034136,3 - Moderate,Category 42,Group 70,0.031,0,0,Low
INC0032004,3 - Moderate,Category 32,Group 70,0.031,0,0,Low
INC0031971,3 - Moderate,Category 26,Group 70,0.031,0,0,Low
INC0031975,3 - Moderate,Category 26,Group 70,0.031,0,0,Low
INC0031947,3 - Moderate,Category 42,Group 70,0.03,0,0,Low
INC0031943,3 - Moderate,Category 42,Group 70,0.03,0,0,Low
INC0031563,3 - Moderate,Category 26,Group 70,0.03,0,0,Low
INC0032948,4 - Low,Category 26,Group 70,0.03,0,0,Low
INC0029801,3 - Moderate,Category 42,Group 70,0.03,0,0,Low
INC0031694,3 - Moderate,Category 42,Group 70,0.03,0,0,Low
INC0033798,3 - Moderate,Category 35,Group 70,0.03,0,0,Low
INC0028749,3 - Moderate,Category 42,Group 23,0.03,0,0,Low
INC0028724,3 - Moderate,Category 42,Group 23,0.03,0,0,Low
INC0033150,3 - Moderate,Category 42,Group 70,0.03,0,0,Low
INC0028747,3 - Moderate,Category 42,Group 23,0.03,0,0,Low
INC0032697,3 - Moderate,Category 42,Group 70,0.03,0,0,Low
INC0028620,3 - Moderate,Category 42,Group 70,0.03,0,0,Low
INC0032880,3 - Moderate,Category 42,Group 70,0.03,0,0,Low
INC0033176,3 - Moderate,Category 42,Group 70,0.029,0,0,Low
INC0029748,3 - Moderate,Category 34,Group 23,0.029,0,0,Low
INC0033218,3 - Moderate,Category 42,Group 70,0.029,0,0,Low
INC0030779,3 - Moderate,Category 35,Group 70,0.029,0,0,Low
INC0031481,3 - Moderate,Category 35,Group 70,0.029,0,0,Low
INC0029586,3 - Moderate,Category 42,Group 70,0.029,0,0,Low
INC0029120,4 - Low,Category 53,Group 70,0.029,0,0,Low
INC0028715,3 - Moderate,Category 42,Group 23,0.028,0,0,Low
INC0031216,3 - Moderate,Category 35,Group 70,0.028,0,0,Low
INC0032884,3 - Moderate,Category 42,Group 70,0.028,0,0,Low
INC0029809,3 - Moderate,Category 42,Group 70,0.028,0,0,Low
INC0028643,3 - Moderate,Category 42,Group 70,0.028,0,0,Low
INC0030746,3 - Moderate,Category 35,Group 70,0.028,0,0,Low
INC0029306,3 - Moderate,Category 42,Group 70,0.028,0,0,Low
INC0033168,3 - Moderate,Category 35,Group 70,0.028,0,0,Low
INC0028696,3 - Moderate,Category 42,Group 23,0.028,0,0,Low
INC0028720,3 - Moderate,Category 42,Group 23,0.028,0,0,Low
INC0033079,3 - Moderate,Category 42,Group 70,0.028,0,0,Low
INC0031060,4 - Low,Category 53,Group 70,0.028,0,1,Low
INC0034359,3 - Moderate,Category 42,Group 70,0.028,0,0,Low
INC0033709,3 - Moderate,Category 42,Group 70,0.028,0,0,Low
INC0032793,3 - Moderate,Category 42,Group 70,0.028,0,0,Low
INC0029843,3 - Moderate,Category 42,Group 70,0.028,0,0,Low
INC0031087,3 - Moderate,Category 35,Group 70,0.028,0,0,Low
INC0032515,3 - Moderate,Category 42,Group 70,0.028,0,0,Low
INC0029115,3 - Moderate,Category 26,Group 70,0.027,0,0,Low
INC0031142,4 - Low,Category 19,Other,0.027,0,0,Low
INC0032475,3 - Moderate,Category 42,Group 70,0.027,0,0,Low
INC0034026,4 - Low,Category 32,Group 70,0.027,0,0,Low
INC0028930,3 - Moderate,Category 42,Group 70,0.027,0,0,Low
INC0032552,3 - Moderate,Category 42,Group 70,0.027,0,0,Low
INC0033986,3 - Moderate,Category 42,Group 70,0.027,0,0,Low
INC0032061,4 - Low,Category 32,Group 70,0.027,0,0,Low
INC0028704,3 - Moderate,Category 42,Group 23,0.027,0,0,Low
INC0028692,3 - Moderate,Category 42,Group 23,0.027,0,0,Low
INC0029370,3 - Moderate,Category 42,Group 70,0.027,0,0,Low
INC0033175,3 - Moderate,Category 32,Group 70,0.027,0,0,Low
INC0028419,3 - Moderate,Category 42,Group 70,0.027,0,0,Low
INC0029362,3 - Moderate,Category 42,Group 70,0.027,0,0,Low
INC0028996,3 - Moderate,Category 42,Group 70,0.027,0,0,Low
INC0028994,3 - Moderate,Category 42,Group 70,0.027,0,0,Low
INC0030406,4 - Low,Category 26,Group 70,0.026,0,0,Low
INC0033593,3 - Moderate,Category 26,Group 70,0.026,0,0,Low
INC0030837,3 - Moderate,Category 35,Group 70,0.026,0,0,Low
INC0032597,4 - Low,Category 26,Group 70,0.026,0,0,Low
INC0029188,3 - Moderate,Category 35,Group 70,0.026,0,0,Low
INC0032222,3 - Moderate,Category 35,Group 70,0.026,0,0,Low
INC0032167,4 - Low,Category 53,Group 70,0.026,0,0,Low
INC0030225,3 - Moderate,Category 35,Group 70,0.025,0,0,Low
INC0033208,3 - Moderate,Category 42,Group 70,0.025,0,0,Low
INC0028687,3 - Moderate,Category 42,Group 23,0.025,0,0,Low
INC0033135,3 - Moderate,Category 42,Group 70,0.025,0,0,Low
INC0029526,3 - Moderate,Category 46,Group 64,0.025,0,0,Low
INC0032795,3 - Moderate,Category 42,Group 70,0.025,0,0,Low
INC0030026,3 - Moderate,Category 32,Group 70,0.025,0,0,Low
INC0030900,3 - Moderate,Category 42,Group 70,0.025,0,0,Low
INC0029499,3 - Moderate,Category 42,Group 70,0.025,0,0,Low
INC0032892,3 - Moderate,Category 42,Group 70,0.025,0,0,Low
INC0032744,3 - Moderate,Category 42,Group 70,0.025,0,0,Low
INC0029869,3 - Moderate,Category 42,Group 70,0.025,0,0,Low
INC0031127,3 - Moderate,Category 42,Group 70,0.025,0,0,Low
INC0031135,3 - Moderate,Category 42,Group 70,0.025,0,0,Low
INC0032936,4 - Low,Category 37,Group 70,0.025,0,0,Low
INC0031149,4 - Low,Category 53,Group 70,0.024,0,0,Low
INC0030368,3 - Moderate,Category 42,Group 70,0.024,0,0,Low
INC0033348,3 - Moderate,Category 42,Group 70,0.024,0,0,Low
INC0033548,3 - Moderate,Category 32,Group 70,0.024,0,0,Low
INC0030027,3 - Moderate,Category 57,Group 70,0.023,0,0,Low
INC0032452,3 - Moderate,Category 42,Group 70,0.023,0,0,Low
INC0033276,4 - Low,Category 46,Group 58,0.023,0,0,Low
INC0033258,3 - Moderate,Category 42,Group 70,0.023,0,0,Low
INC0029505,3 - Moderate,Category 42,Group 70,0.023,0,0,Low
INC0029341,3 - Moderate,Category 42,Group 70,0.023,0,0,Low
INC0030410,3 - Moderate,Category 42,Group 70,0.023,0,0,Low
INC0029596,4 - Low,Category 20,Group 70,0.023,0,0,Low
INC0031252,4 - Low,Category 32,Group 70,0.023,0,0,Low
INC0029360,3 - Moderate,Category 42,Group 70,0.023,0,0,Low
INC0029894,3 - Moderate,Category 42,Group 70,0.023,0,0,Low
INC0031287,3 - Moderate,Category 42,Group 70,0.023,0,0,Low
INC0029347,3 - Moderate,Category 42,Group 70,0.023,0,0,Low
INC0029352,3 - Moderate,Category 42,Group 70,0.023,0,0,Low
INC0028852,4 - Low,Category 42,Group 70,0.023,0,0,Low
INC0032482,3 - Moderate,Category 42,Group 70,0.023,0,0,Low
INC0033401,3 - Moderate,Category 42,Group 70,0.023,0,0,Low
INC0033353,3 - Moderate,Category 42,Group 70,0.023,0,0,Low
INC0033970,3 - Moderate,Category 42,Group 70,0.022,0,0,Low
INC0029323,3 - Moderate,Category 42,Group 70,0.022,0,0,Low
INC0029039,3 - Moderate,Category 28,Group 64,0.022,0,0,Low
INC0029041,3 - Moderate,Category 28,Group 64,0.022,0,0,Low
INC0029040,3 - Moderate,Category 28,Group 64,0.022,0,0,Low
INC0029044,3 - Moderate,Category 28,Group 64,0.022,0,0,Low
INC0029043,3 - Moderate,Category 28,Group 64,0.022,0,0,Low
INC0029042,3 - Moderate,Category 28,Group 64,0.022,0,0,Low
INC0029393,3 - Moderate,Category 42,Group 70,0.022,0,0,Low
INC0029320,3 - Moderate,Category 42,Group 70,0.022,0,0,Low
INC0032230,3 - Moderate,Category 42,Group 70,0.021,0,0,Low
INC0033530,3 - Moderate,Category 42,Group 70,0.021,0,0,Low
INC0033277,3 - Moderate,Category 42,Group 70,0.021,0,0,Low
INC0034372,3 - Moderate,Category 42,Group 70,0.021,0,0,Low
INC0033060,3 - Moderate,Category 42,Group 70,0.021,0,0,Low
INC0033300,3 - Moderate,Category 42,Group 70,0.021,0,0,Low
INC0029966,3 - Moderate,Category 42,Group 70,0.021,0,0,Low
INC0032606,3 - Moderate,Category 42,Group 70,0.021,0,0,Low
INC0031685,3 - Moderate,Category 42,Group 70,0.021,0,0,Low
INC0032640,3 - Moderate,Category 42,Group 70,0.021,0,0,Low
INC0029435,3 - Moderate,Category 28,Group 64,0.02,0,0,Low
INC0029434,3 - Moderate,Category 28,Group 64,0.02,0,0,Low
INC0031304,3 - Moderate,Category 42,Group 70,0.02,0,0,Low
INC0032620,3 - Moderate,Category 42,Group 70,0.02,0,0,Low
INC0033225,3 - Moderate,Category 42,Group 70,0.02,0,1,Low
INC0030015,3 - Moderate,Category 42,Group 70,0.02,0,0,Low
INC0030314,3 - Moderate,Category 42,Group 70,0.02,0,0,Low
INC0030892,3 - Moderate,Category 42,Group 70,0.02,0,0,Low
INC0030893,3 - Moderate,Category 42,Group 70,0.019,0,0,Low
INC0033452,3 - Moderate,Category 42,Group 70,0.019,0,0,Low
INC0033643,3 - Moderate,Category 42,Group 70,0.019,0,0,Low
INC0032038,3 - Moderate,Category 42,Group 70,0.019,0,0,Low
INC0030567,3 - Moderate,Category 42,Group 70,0.019,0,0,Low
INC0031094,3 - Moderate,Category 42,Group 70,0.019,0,0,Low
INC0031100,3 - Moderate,Category 42,Group 70,0.019,0,0,Low
INC0033447,3 - Moderate,Category 42,Group 70,0.019,0,0,Low
INC0032915,3 - Moderate,Category 42,Group 70,0.019,0,0,Low
INC0032911,3 - Moderate,Category 42,Group 70,0.019,0,0,Low
INC0029405,3 - Moderate,Category 42,Group 70,0.018,0,0,Low
INC0029407,3 - Moderate,Category 42,Group 70,0.018,0,0,Low
INC0028519,3 - Moderate,Category 42,Group 70,0.018,0,0,Low
INC0032808,4 - Low,Category 26,Group 70,0.018,0,0,Low
INC0031719,3 - Moderate,Category 42,Group 70,0.018,0,0,Low
INC0031740,3 - Moderate,Category 42,Group 70,0.018,0,0,Low
INC0032480,3 - Moderate,Category 42,Group 70,0.018,0,0,Low
INC0031739,3 - Moderate,Category 42,Group 70,0.018,0,0,Low
INC0031382,3 - Moderate,Category 42,Group 70,0.018,0,0,Low
INC0032699,3 - Moderate,Category 42,Group 70,0.018,0,0,Low
INC0031354,3 - Moderate,Category 42,Group 70,0.018,0,0,Low
INC0031736,3 - Moderate,Category 42,Group 70,0.018,0,0,Low
INC0029334,3 - Moderate,Category 42,Group 70,0.018,0,0,Low
INC0031374,3 - Moderate,Category 42,Group 70,0.018,0,0,Low
INC0033237,3 - Moderate,Category 42,Group 70,0.018,0,0,Low
INC0028662,4 - Low,Category 17,Group 69,0.018,0,0,Low
INC0033339,3 - Moderate,Category 42,Group 70,0.018,0,0,Low
INC0033596,4 - Low,Category 32,Group 70,0.018,0,0,Low
INC0032297,3 - Moderate,Category 42,Group 70,0.018,0,0,Low
INC0032255,3 - Moderate,Category 42,Group 70,0.018,0,0,Low
INC0029349,3 - Moderate,Category 42,Group 70,0.018,0,0,Low
INC0031641,3 - Moderate,Category 42,Group 70,0.017,0,0,Low
INC0030420,3 - Moderate,Category 42,Group 70,0.017,0,0,Low
INC0033344,3 - Moderate,Category 42,Group 70,0.017,0,0,Low
INC0031646,3 - Moderate,Category 42,Group 70,0.017,0,0,Low
INC0031962,3 - Moderate,Category 35,Group 70,0.017,0,0,Low
INC0032397,3 - Moderate,Category 42,Group 70,0.017,0,0,Low
INC0029219,3 - Moderate,Category 42,Group 70,0.017,0,0,Low
INC0032263,3 - Moderate,Category 42,Group 70,0.017,0,0,Low
INC0032277,3 - Moderate,Category 42,Group 70,0.017,0,0,Low
INC0081415,3 - Moderate,Other,Group 64,0.017,0,0,Low
INC0029990,3 - Moderate,Category 42,Group 70,0.017,0,0,Low
INC0029008,3 - Moderate,Category 42,Group 70,0.017,0,0,Low
INC0033306,3 - Moderate,Category 42,Group 70,0.017,0,0,Low
INC0032654,4 - Low,Category 42,Group 70,0.017,0,0,Low
INC0028816,3 - Moderate,Category 42,Group 70,0.017,0,0,Low
INC0031421,3 - Moderate,Category 32,Group 70,0.017,0,0,Low
INC0032456,3 - Moderate,Category 42,Group 70,0.017,0,0,Low
INC0030385,3 - Moderate,Category 42,Group 70,0.017,0,0,Low
INC0033942,3 - Moderate,Category 42,Group 70,0.016,0,0,Low
INC0033304,3 - Moderate,Category 42,Group 70,0.016,0,0,Low
INC0028497,3 - Moderate,Category 42,Group 70,0.016,0,0,Low
INC0033936,3 - Moderate,Category 42,Group 70,0.016,0,0,Low
INC0029395,3 - Moderate,Category 42,Group 70,0.016,0,0,Low
INC0029399,3 - Moderate,Category 42,Group 70,0.016,0,0,Low
INC0029398,3 - Moderate,Category 42,Group 70,0.016,0,0,Low
INC0032481,4 - Low,Category 26,Group 70,0.016,0,0,Low
INC0034047,4 - Low,Category 26,Group 70,0.016,0,0,Low
INC0033064,3 - Moderate,Category 42,Group 70,0.016,0,0,Low
INC0033324,3 - Moderate,Category 42,Group 70,0.016,0,0,Low
INC0033322,3 - Moderate,Category 42,Group 70,0.016,0,0,Low
INC0028630,4 - Low,Category 32,Group 70,0.016,0,0,Low
INC0033326,3 - Moderate,Category 42,Group 70,0.016,0,0,Low
INC0031865,3 - Moderate,Category 42,Group 70,0.016,0,0,Low
INC0033345,3 - Moderate,Category 42,Group 70,0.016,0,0,Low
INC0029402,3 - Moderate,Category 42,Group 70,0.016,0,0,Low
INC0033726,3 - Moderate,Category 42,Group 70,0.016,0,0,Low
INC0031312,3 - Moderate,Category 42,Group 70,0.016,0,0,Low
INC0029745,3 - Moderate,Category 42,Group 70,0.016,0,0,Low
INC0031748,3 - Moderate,Category 42,Group 70,0.016,0,0,Low
INC0031341,3 - Moderate,Category 42,Group 70,0.016,0,0,Low
INC0031762,3 - Moderate,Category 42,Group 70,0.016,0,0,Low
INC0030317,3 - Moderate,Category 42,Group 70,0.016,0,0,Low
INC0032918,3 - Moderate,Category 42,Group 70,0.016,0,0,Low
INC0033211,3 - Moderate,Category 42,Group 70,0.016,0,0,Low
INC0034402,3 - Moderate,Category 42,Group 70,0.016,0,0,Low
INC0031317,3 - Moderate,Category 42,Group 70,0.016,0,0,Low
INC0028422,3 - Moderate,Category 42,Group 70,0.015,0,0,Low
INC0029423,3 - Moderate,Category 28,Group 64,0.015,0,0,Low
INC0033412,3 - Moderate,Category 42,Group 70,0.015,0,0,Low
INC0032953,3 - Moderate,Category 42,Group 70,0.015,0,0,Low
INC0029421,3 - Moderate,Category 28,Group 64,0.015,0,0,Low
INC0030919,3 - Moderate,Category 42,Group 70,0.015,0,0,Low
INC0029350,3 - Moderate,Category 42,Group 70,0.015,0,0,Low
INC0033317,3 - Moderate,Category 42,Group 70,0.015,0,0,Low
INC0033138,3 - Moderate,Category 42,Group 70,0.015,0,1,Low
INC0032566,4 - Low,Category 32,Group 70,0.015,0,0,Low
INC0033026,3 - Moderate,Category 42,Group 70,0.015,0,0,Low
INC0033845,3 - Moderate,Category 42,Group 70,0.015,0,0,Low
INC0033415,3 - Moderate,Category 42,Group 70,0.015,0,0,Low
INC0032964,3 - Moderate,Category 42,Group 70,0.015,0,0,Low
INC0029433,3 - Moderate,Category 28,Group 64,0.015,0,0,Low
INC0032454,3 - Moderate,Category 42,Group 70,0.015,0,0,Low
INC0032135,3 - Moderate,Category 42,Group 70,0.015,0,0,Low
INC0029766,3 - Moderate,Category 42,Group 70,0.015,0,0,Low
INC0033836,3 - Moderate,Category 42,Group 70,0.015,0,0,Low
INC0032668,3 - Moderate,Category 42,Group 70,0.015,0,0,Low
INC0033128,3 - Moderate,Category 42,Group 70,0.015,0,0,Low
INC0034363,3 - Moderate,Category 42,Group 70,0.015,0,0,Low
INC0034261,3 - Moderate,Category 42,Group 70,0.015,0,0,Low
INC0030714,3 - Moderate,Category 42,Group 70,0.015,0,0,Low
INC0033286,3 - Moderate,Category 42,Group 70,0.015,0,0,Low
INC0029427,3 - Moderate,Category 28,Group 64,0.015,0,0,Low
INC0029426,3 - Moderate,Category 28,Group 64,0.015,0,0,Low
INC0031423,3 - Moderate,Category 42,Group 70,0.015,0,0,Low
INC0029428,3 - Moderate,Category 28,Group 64,0.015,0,0,Low
INC0029424,3 - Moderate,Category 28,Group 64,0.015,0,0,Low
INC0029425,3 - Moderate,Category 28,Group 64,0.015,0,0,Low
INC0029432,3 - Moderate,Category 28,Group 64,0.015,0,0,Low
INC0032432,4 - Low,Category 26,Group 70,0.015,0,0,Low
INC0029431,3 - Moderate,Category 28,Group 64,0.015,0,0,Low
INC0029430,3 - Moderate,Category 28,Group 64,0.015,0,0,Low
INC0029429,3 - Moderate,Category 28,Group 64,0.015,0,0,Low
INC0028334,4 - Low,Category 26,Group 70,0.015,0,0,Low
INC0032440,3 - Moderate,Category 42,Group 70,0.014,0,0,Low
INC0032441,3 - Moderate,Category 42,Group 70,0.014,0,0,Low
INC0029604,3 - Moderate,Category 42,Group 70,0.014,0,0,Low
INC0029655,3 - Moderate,Category 42,Group 70,0.014,0,0,Low
INC0032151,3 - Moderate,Category 42,Group 70,0.014,0,0,Low
INC0031738,3 - Moderate,Category 42,Group 70,0.014,0,0,Low
INC0031761,3 - Moderate,Category 42,Group 70,0.014,0,0,Low
INC0032739,3 - Moderate,Category 42,Group 70,0.014,0,0,Low
INC0030939,3 - Moderate,Category 42,Group 70,0.014,0,0,Low
INC0029626,3 - Moderate,Category 42,Group 70,0.014,0,0,Low
INC0031668,3 - Moderate,Category 42,Group 70,0.014,0,0,Low
INC0029255,3 - Moderate,Category 42,Group 70,0.014,0,0,Low
INC0029480,3 - Moderate,Category 42,Group 70,0.014,0,0,Low
INC0029123,3 - Moderate,Category 42,Group 70,0.014,0,0,Low
INC0031734,3 - Moderate,Category 42,Group 70,0.014,0,0,Low
INC0033315,3 - Moderate,Category 42,Group 70,0.014,0,0,Low
INC0032605,3 - Moderate,Category 42,Group 70,0.014,0,0,Low
INC0032361,3 - Moderate,Category 42,Group 70,0.014,0,0,Low
INC0033009,3 - Moderate,Category 42,Group 70,0.014,0,0,Low
INC0030199,3 - Moderate,Category 42,Group 70,0.014,0,0,Low
INC0030825,3 - Moderate,Category 42,Group 70,0.014,0,0,Low
INC0028396,3 - Moderate,Category 42,Group 70,0.014,0,0,Low
INC0031593,3 - Moderate,Category 42,Group 70,0.014,0,0,Low
INC0030809,3 - Moderate,Category 42,Group 70,0.014,0,0,Low
INC0032747,3 - Moderate,Category 42,Group 70,0.014,0,0,Low
INC0031152,3 - Moderate,Category 42,Group 70,0.014,0,0,Low
INC0029401,3 - Moderate,Category 42,Group 70,0.014,0,0,Low
INC0032346,3 - Moderate,Category 42,Group 70,0.014,0,0,Low
INC0033586,3 - Moderate,Category 42,Group 70,0.014,0,0,Low
INC0029640,3 - Moderate,Category 42,Group 70,0.014,0,0,Low
INC0031653,3 - Moderate,Category 42,Group 70,0.014,0,0,Low
INC0033747,3 - Moderate,Category 42,Group 70,0.014,0,0,Low
INC0033754,3 - Moderate,Category 42,Group 70,0.014,0,0,Low
INC0032740,3 - Moderate,Category 42,Group 70,0.014,0,0,Low
INC0032006,3 - Moderate,Category 42,Group 70,0.013,0,0,Low
INC0028756,3 - Moderate,Category 42,Group 70,0.013,0,0,Low
INC0031144,3 - Moderate,Category 35,Group 70,0.013,0,0,Low
INC0029721,3 - Moderate,Category 42,Group 70,0.013,0,0,Low
INC0031841,3 - Moderate,Category 42,Group 70,0.013,0,0,Low
INC0031658,3 - Moderate,Category 42,Group 70,0.013,0,0,Low
INC0031497,3 - Moderate,Category 42,Group 70,0.013,0,0,Low
INC0028441,3 - Moderate,Category 42,Group 70,0.013,0,0,Low
INC0028394,3 - Moderate,Category 42,Group 70,0.013,0,0,Low
INC0028331,3 - Moderate,Category 42,Group 70,0.013,0,0,Low
INC0030463,3 - Moderate,Category 42,Group 70,0.013,0,0,Low
INC0030422,4 - Low,Category 42,Group 70,0.013,0,0,Low
INC0029702,3 - Moderate,Category 42,Group 70,0.013,0,0,Low
INC0031028,3 - Moderate,Category 42,Group 70,0.013,0,0,Low
INC0031870,3 - Moderate,Category 42,Group 70,0.013,0,0,Low
INC0034210,3 - Moderate,Category 42,Group 70,0.013,0,0,Low
INC0034241,3 - Moderate,Category 42,Group 70,0.013,0,0,Low
INC0029620,3 - Moderate,Category 42,Group 70,0.013,0,0,Low
INC0031826,3 - Moderate,Category 42,Group 70,0.013,0,0,Low
INC0030988,3 - Moderate,Category 42,Group 70,0.013,0,0,Low
INC0033287,4 - Low,Category 32,Group 70,0.013,0,0,Low
INC0031682,3 - Moderate,Category 42,Group 70,0.013,0,0,Low
INC0028483,3 - Moderate,Category 42,Group 70,0.013,0,0,Low
INC0031610,3 - Moderate,Category 42,Group 70,0.013,0,0,Low
INC0031628,3 - Moderate,Category 42,Group 70,0.013,0,0,Low
INC0032190,3 - Moderate,Category 42,Group 70,0.013,0,0,Low
INC0032695,3 - Moderate,Category 42,Group 70,0.013,0,0,Low
INC0033761,3 - Moderate,Category 42,Group 70,0.013,0,0,Low
INC0033310,3 - Moderate,Category 42,Group 70,0.013,0,0,Low
INC0028440,3 - Moderate,Category 42,Group 70,0.013,0,0,Low
INC0032741,3 - Moderate,Category 42,Group 70,0.013,0,0,Low
INC0028436,3 - Moderate,Category 42,Group 70,0.013,0,0,Low
INC0031986,3 - Moderate,Category 42,Group 70,0.012,0,0,Low
INC0033423,3 - Moderate,Category 57,Group 70,0.012,0,0,Low
INC0028722,3 - Moderate,Category 42,Group 70,0.012,0,0,Low
INC0028763,3 - Moderate,Category 42,Group 70,0.012,0,0,Low
INC0032184,3 - Moderate,Category 42,Group 70,0.012,0,0,Low
INC0033644,3 - Moderate,Category 42,Group 70,0.012,0,0,Low
INC0031845,3 - Moderate,Category 42,Group 70,0.012,0,0,Low
INC0029634,3 - Moderate,Category 42,Group 70,0.012,0,0,Low
INC0032200,3 - Moderate,Category 42,Group 70,0.012,0,0,Low
INC0031966,3 - Moderate,Category 42,Group 70,0.012,0,0,Low
INC0031979,3 - Moderate,Category 42,Group 70,0.012,0,0,Low
INC0031654,3 - Moderate,Category 42,Group 70,0.012,0,0,Low
INC0033369,3 - Moderate,Category 42,Group 70,0.012,0,0,Low
INC0032302,3 - Moderate,Category 42,Group 70,0.012,0,0,Low
INC0032322,3 - Moderate,Category 42,Group 70,0.012,0,0,Low
INC0033631,3 - Moderate,Category 42,Group 70,0.012,0,0,Low
INC0031650,3 - Moderate,Category 42,Group 70,0.012,0,0,Low
INC0028518,3 - Moderate,Category 42,Group 70,0.012,0,0,Low
INC0033392,3 - Moderate,Category 42,Group 70,0.012,0,0,Low
INC0030827,3 - Moderate,Category 42,Group 70,0.012,0,0,Low
INC0031566,3 - Moderate,Category 42,Group 70,0.012,0,0,Low
INC0032365,3 - Moderate,Category 42,Group 70,0.012,0,0,Low
INC0033541,4 - Low,Category 26,Group 70,0.012,0,0,Low
INC0028541,3 - Moderate,Category 42,Group 70,0.012,0,0,Low
INC0031079,3 - Moderate,Category 42,Group 70,0.012,0,0,Low
INC0033351,3 - Moderate,Category 42,Group 70,0.012,0,0,Low
INC0033343,3 - Moderate,Category 42,Group 70,0.012,0,0,Low
INC0033589,3 - Moderate,Category 42,Group 70,0.012,0,0,Low
INC0033564,3 - Moderate,Category 42,Group 70,0.012,0,0,Low
INC0029155,3 - Moderate,Category 42,Group 70,0.012,0,0,Low
INC0031596,3 - Moderate,Category 42,Group 70,0.012,0,0,Low
INC0030388,3 - Moderate,Category 42,Group 70,0.012,0,0,Low
INC0031598,3 - Moderate,Category 42,Group 70,0.012,0,0,Low
INC0029159,3 - Moderate,Category 42,Group 70,0.012,0,0,Low
INC0031355,3 - Moderate,Category 42,Group 70,0.012,0,0,Low
INC0031974,3 - Moderate,Category 42,Group 70,0.011,0,0,Low
INC0032348,3 - Moderate,Category 42,Group 70,0.011,0,0,Low
INC0034285,3 - Moderate,Category 42,Group 70,0.011,0,0,Low
INC0028457,3 - Moderate,Category 42,Group 70,0.011,0,0,Low
INC0032359,3 - Moderate,Category 42,Group 70,0.011,0,0,Low
INC0032975,3 - Moderate,Category 42,Group 70,0.011,0,0,Low
INC0032575,3 - Moderate,Category 42,Group 70,0.011,0,0,Low
INC0032567,3 - Moderate,Category 42,Group 70,0.011,0,0,Low
INC0028988,3 - Moderate,Category 42,Group 70,0.011,0,0,Low
INC0028867,3 - Moderate,Category 42,Group 70,0.011,0,0,Low
INC0031578,3 - Moderate,Category 42,Group 70,0.011,0,0,Low
INC0033956,3 - Moderate,Category 42,Group 70,0.011,0,0,Low
INC0029117,3 - Moderate,Category 42,Group 70,0.011,0,0,Low
INC0029796,3 - Moderate,Category 42,Group 70,0.011,0,0,Low
INC0030632,3 - Moderate,Category 42,Group 70,0.011,0,0,Low
INC0032110,3 - Moderate,Category 42,Group 70,0.011,0,0,Low
INC0033283,4 - Low,Category 32,Group 70,0.011,0,0,Low
INC0033850,3 - Moderate,Category 42,Group 70,0.011,0,0,Low
INC0032199,3 - Moderate,Category 42,Group 70,0.011,0,0,Low
INC0032812,3 - Moderate,Category 42,Group 70,0.011,0,0,Low
INC0030325,3 - Moderate,Category 42,Group 70,0.011,0,0,Low
INC0030894,4 - Low,Category 42,Group 70,0.011,0,0,Low
INC0028479,3 - Moderate,Category 42,Group 70,0.011,0,0,Low
INC0032128,3 - Moderate,Category 42,Group 70,0.011,0,0,Low
INC0033825,3 - Moderate,Category 42,Group 70,0.011,0,0,Low
INC0028462,3 - Moderate,Category 42,Group 70,0.011,0,0,Low
INC0032959,3 - Moderate,Category 42,Group 70,0.011,0,0,Low
INC0030181,3 - Moderate,Category 42,Group 70,0.01,0,0,Low
INC0033618,4 - Low,Category 42,Group 70,0.01,0,0,Low
INC0033420,3 - Moderate,Category 42,Group 70,0.01,0,0,Low
INC0030427,3 - Moderate,Category 42,Group 70,0.01,0,0,Low
INC0029076,4 - Low,Category 26,Group 70,0.01,0,0,Low
INC0033391,3 - Moderate,Category 42,Group 70,0.01,0,0,Low
INC0030300,3 - Moderate,Category 42,Group 70,0.01,0,0,Low
INC0030546,3 - Moderate,Category 42,Group 70,0.01,0,0,Low
INC0031848,3 - Moderate,Category 42,Group 70,0.01,0,0,Low
INC0031850,3 - Moderate,Category 42,Group 70,0.01,0,0,Low
INC0029666,3 - Moderate,Category 42,Group 70,0.01,0,0,Low
INC0028663,3 - Moderate,Category 42,Group 70,0.01,0,0,Low
INC0031349,3 - Moderate,Category 42,Group 70,0.01,0,0,Low
INC0028716,3 - Moderate,Category 42,Group 70,0.01,0,0,Low
INC0032125,3 - Moderate,Category 42,Group 70,0.01,0,0,Low
INC0029680,3 - Moderate,Category 42,Group 70,0.01,0,0,Low
INC0031790,3 - Moderate,Category 57,Group 70,0.01,0,0,Low
INC0032104,3 - Moderate,Category 42,Group 70,0.01,0,0,Low
INC0033788,3 - Moderate,Category 42,Group 70,0.01,0,0,Low
INC0033464,3 - Moderate,Category 42,Group 70,0.01,0,0,Low
INC0030763,3 - Moderate,Category 42,Group 70,0.01,0,0,Low
INC0031454,3 - Moderate,Category 42,Group 70,0.01,0,0,Low
INC0029113,3 - Moderate,Category 42,Group 70,0.01,0,0,Low
INC0028640,3 - Moderate,Category 57,Group 70,0.01,0,0,Low
INC0031230,3 - Moderate,Category 42,Group 70,0.01,0,0,Low
INC0033648,4 - Low,Category 42,Group 70,0.01,0,0,Low
INC0032107,3 - Moderate,Category 42,Group 70,0.01,0,0,Low
INC0030597,3 - Moderate,Category 42,Group 70,0.01,0,0,Low
INC0028621,3 - Moderate,Category 42,Group 70,0.009,0,0,Low
INC0028454,3 - Moderate,Category 42,Group 70,0.009,0,0,Low
INC0033544,3 - Moderate,Category 42,Group 70,0.009,0,0,Low
INC0031770,3 - Moderate,Category 42,Group 70,0.009,0,0,Low
INC0031777,3 - Moderate,Category 42,Group 70,0.009,0,0,Low
INC0028820,3 - Moderate,Category 42,Group 70,0.009,0,0,Low
INC0028682,3 - Moderate,Category 42,Group 70,0.009,0,0,Low
INC0031779,3 - Moderate,Category 42,Group 70,0.009,0,0,Low
INC0033103,3 - Moderate,Category 42,Group 70,0.009,0,0,Low
INC0028371,3 - Moderate,Category 42,Group 70,0.009,0,0,Low
INC0032800,3 - Moderate,Category 42,Group 70,0.009,0,0,Low
INC0032101,3 - Moderate,Category 42,Group 70,0.009,0,0,Low
INC0028811,3 - Moderate,Category 42,Group 70,0.009,0,0,Low
INC0029747,3 - Moderate,Category 42,Group 70,0.009,0,0,Low
INC0029121,3 - Moderate,Category 42,Group 70,0.009,0,0,Low
INC0032708,4 - Low,Category 42,Group 70,0.009,0,0,Low
INC0031498,3 - Moderate,Category 42,Group 70,0.009,0,0,Low
INC0031119,3 - Moderate,Category 42,Group 70,0.009,0,0,Low
INC0030303,3 - Moderate,Category 42,Group 70,0.009,0,0,Low
INC0031909,3 - Moderate,Category 57,Group 70,0.009,0,0,Low
INC0032299,3 - Moderate,Category 42,Group 70,0.009,0,0,Low
INC0032866,3 - Moderate,Category 42,Group 70,0.009,0,0,Low
INC0031456,3 - Moderate,Category 42,Group 70,0.009,0,0,Low
INC0028668,3 - Moderate,Category 42,Group 70,0.009,0,0,Low
INC0029924,3 - Moderate,Category 42,Group 70,0.009,0,0,Low
INC0031491,3 - Moderate,Category 42,Group 70,0.009,0,0,Low
INC0031667,3 - Moderate,Category 42,Group 70,0.008,0,0,Low
INC0029753,3 - Moderate,Category 57,Group 70,0.008,0,0,Low
INC0030168,3 - Moderate,Category 42,Group 70,0.008,0,0,Low
INC0029597,3 - Moderate,Category 42,Group 70,0.008,0,0,Low
INC0028585,3 - Moderate,Category 28,Group 64,0.008,0,0,Low
INC0033590,3 - Moderate,Category 42,Group 70,0.008,0,0,Low
INC0029151,4 - Low,Category 42,Group 70,0.008,0,0,Low
INC0033259,3 - Moderate,Category 42,Group 70,0.008,0,0,Low
INC0033239,3 - Moderate,Category 32,Group 70,0.008,0,0,Low
INC0030203,3 - Moderate,Category 42,Group 70,0.008,0,0,Low
INC0032455,4 - Low,Category 42,Group 70,0.008,0,0,Low
INC0028565,3 - Moderate,Category 28,Group 64,0.008,0,0,Low
INC0028566,3 - Moderate,Category 28,Group 64,0.008,0,0,Low
INC0028573,3 - Moderate,Category 28,Group 64,0.008,0,0,Low
INC0028574,3 - Moderate,Category 28,Group 64,0.008,0,0,Low
INC0028576,3 - Moderate,Category 28,Group 64,0.008,0,0,Low
INC0028578,3 - Moderate,Category 28,Group 64,0.008,0,0,Low
INC0028570,3 - Moderate,Category 28,Group 64,0.008,0,0,Low
INC0028571,3 - Moderate,Category 28,Group 64,0.008,0,0,Low
INC0028584,3 - Moderate,Category 28,Group 64,0.008,0,0,Low
INC0028580,3 - Moderate,Category 28,Group 64,0.008,0,0,Low
INC0028579,3 - Moderate,Category 28,Group 64,0.008,0,0,Low
INC0030471,3 - Moderate,Category 42,Group 70,0.008,0,0,Low
INC0028581,3 - Moderate,Category 28,Group 64,0.008,0,0,Low
INC0028572,3 - Moderate,Category 28,Group 64,0.008,0,0,Low
INC0030195,3 - Moderate,Category 42,Group 70,0.008,0,0,Low
INC0028582,3 - Moderate,Category 28,Group 64,0.008,0,0,Low
INC0031512,3 - Moderate,Category 42,Group 70,0.008,0,0,Low
INC0028586,3 - Moderate,Category 28,Group 64,0.008,0,0,Low
INC0028568,3 - Moderate,Category 28,Group 64,0.008,0,0,Low
INC0028583,3 - Moderate,Category 28,Group 64,0.008,0,0,Low
INC0028569,3 - Moderate,Category 28,Group 64,0.008,0,0,Low
INC0028577,3 - Moderate,Category 28,Group 64,0.008,0,0,Low
INC0028575,3 - Moderate,Category 28,Group 64,0.008,0,0,Low
INC0028567,3 - Moderate,Category 28,Group 64,0.008,0,0,Low
INC0029769,3 - Moderate,Category 42,Group 70,0.007,0,0,Low
INC0031085,4 - Low,Category 42,Group 70,0.007,0,0,Low
INC0029752,4 - Low,Category 42,Group 70,0.007,0,0,Low
INC0029755,3 - Moderate,Category 42,Group 70,0.007,0,0,Low
INC0028413,3 - Moderate,Category 42,Group 70,0.007,0,0,Low
INC0033329,4 - Low,Category 42,Group 70,0.007,0,0,Low
INC0033013,4 - Low,Category 42,Group 70,0.007,0,0,Low
INC0032557,3 - Moderate,Category 42,Group 70,0.007,0,0,Low
INC0029631,4 - Low,Category 42,Group 70,0.007,0,0,Low
INC0028951,3 - Moderate,Category 42,Group 70,0.006,0,0,Low
INC0032827,4 - Low,Category 42,Group 70,0.006,0,0,Low
INC0029921,4 - Low,Category 42,Group 70,0.006,0,0,Low
INC0032819,4 - Low,Category 42,Group 70,0.006,0,0,Low
INC0032433,4 - Low,Category 42,Group 70,0.006,0,0,Low
INC0029029,3 - Moderate,Category 28,Group 64,0.005,0,0,Low
INC0030347,4 - Low,Category 42,Group 70,0.005,0,0,Low
INC0029038,3 - Moderate,Category 28,Group 64,0.005,0,0,Low
INC0031459,4 - Low,Category 42,Group 70,0.005,0,0,Low
INC0030139,4 - Low,Category 42,Group 70,0.005,0,0,Low
INC0029032,3 - Moderate,Category 28,Group 64,0.005,0,0,Low
INC0029030,3 - Moderate,Category 28,Group 64,0.005,0,0,Low
INC0029031,3 - Moderate,Category 28,Group 64,0.005,0,0,Low
INC0029033,3 - Moderate,Category 28,Group 64,0.005,0,0,Low
INC0029034,3 - Moderate,Category 28,Group 64,0.005,0,0,Low
INC0029026,3 - Moderate,Category 28,Group 64,0.005,0,0,Low
INC0029027,3 - Moderate,Category 28,Group 64,0.005,0,0,Low
INC0029037,3 - Moderate,Category 28,Group 64,0.005,0,0,Low
INC0029025,3 - Moderate,Category 28,Group 64,0.005,0,0,Low
INC0029028,3 - Moderate,Category 28,Group 64,0.005,0,0,Low
INC0029022,3 - Moderate,Category 28,Group 64,0.005,0,0,Low
INC0029023,3 - Moderate,Category 28,Group 64,0.005,0,0,Low
INC0029024,3 - Moderate,Category 28,Group 64,0.005,0,0,Low
INC0029035,3 - Moderate,Category 28,Group 64,0.005,0,0,Low
INC0029036,3 - Moderate,Category 28,Group 64,0.005,0,0,Low
INC0029172,4 - Low,Category 42,Group 70,0.004,0,0,Low
INC0033293,4 - Low,Category 42,Group 70,0.004,0,0,Low
INC0033352,4 - Low,Category 42,Group 70,0.004,0,0,Low
INC0032941,4 - Low,Category 42,Group 70,0.004,0,0,Low
